pair,direction,entry_date,entry_price,stop_loss,take_profit,entry_bar,rsi_divergence,ema_extended,ema_distance_atr,exit_date,exit_price,outcome,bars_held
EURUSD,SHORT,2022-07-06,1.0257673263549805,1.0505529141437575,0.9761961507774264,240,False,False,-1.99,2022-09-23,0.9761961507774264,WIN,57.0
EURUSD,LONG,2022-11-24,1.0416233539581299,1.0138591292771861,1.0971518033200174,341,False,False,1.78,2023-02-02,1.0971518033200174,WIN,50.0
EURUSD,SHORT,2023-06-01,1.0695186853408813,1.0845680572482603,1.0394199415261234,476,True,False,-1.62,2023-06-14,1.0845680572482603,LOSS,9.0
EURUSD,SHORT,2023-09-28,1.0505305528640747,1.0653290348640634,1.0209335888640974,561,False,False,-2.51,2023-10-24,1.0653290348640634,LOSS,18.0
EURUSD,SHORT,2023-12-21,1.0945708751678467,1.1113226837916077,1.0610672579203246,621,False,False,0.89,2023-12-27,1.1113226837916077,LOSS,4.0
EURUSD,LONG,2023-12-28,1.110864281654358,1.0946975611038723,1.1431977227553292,626,False,False,2.12,2024-01-02,1.0946975611038723,LOSS,3.0
EURUSD,LONG,2024-01-05,1.0947387218475342,1.0780333207306447,1.128149524081313,632,False,False,-0.14,2024-02-01,1.0780333207306447,LOSS,19.0
EURUSD,LONG,2024-03-14,1.0955302715301514,1.084151730285408,1.118287354019638,681,False,False,1.44,2024-03-19,1.084151730285408,LOSS,3.0
EURUSD,LONG,2024-07-18,1.094020128250122,1.0830524338791183,1.1159555169921296,771,True,False,2.07,2024-07-24,1.0830524338791183,LOSS,4.0
EURUSD,LONG,2024-07-26,1.0851283073425293,1.0748863095436374,1.105612302940313,777,True,False,0.13,2024-08-19,1.105612302940313,WIN,16.0
EURUSD,LONG,2024-08-26,1.1187934875488281,1.1049876660293343,1.1464051305878158,798,False,False,2.7,2024-09-02,1.1049876660293343,LOSS,5.0
EURUSD,LONG,2024-09-03,1.1067456007003784,1.0934277865709325,1.1333812289592702,804,False,False,0.33,2024-10-10,1.0934277865709325,LOSS,27.0
EURUSD,LONG,2024-11-06,1.093445897102356,1.0794755085376915,1.121386674231685,850,False,False,0.62,2024-11-07,1.0794755085376915,LOSS,1.0
EURUSD,SHORT,2024-11-21,1.0546187162399292,1.07298048663229,1.0178951754552075,861,False,False,-1.76,2025-03-05,1.07298048663229,LOSS,73.0
EURUSD,LONG,2025-03-18,1.091917634010315,1.0716989619836486,1.1323549780636477,943,False,False,2.25,2025-04-11,1.1323549780636477,WIN,18.0
EURUSD,LONG,2025-04-17,1.1396790742874146,1.1106021703339917,1.1978328821942603,965,False,False,2.48,2025-05-12,1.1106021703339917,LOSS,15.0
EURUSD,LONG,2025-07-10,1.17311692237854,1.1561901305771554,1.2069705059813094,1023,False,False,0.93,2025-07-29,1.1561901305771554,LOSS,13.0
EURUSD,SHORT,2026-01-07,1.1688251495361328,1.1799077094123436,1.1466600297837113,1150,True,False,-0.48,2026-01-26,1.1799077094123436,LOSS,13.0
EURUSD,SHORT,2026-03-12,1.1543211936950684,1.1723437678056403,1.1182760454739245,1196,False,False,-1.71,2026-04-10,1.1723437678056403,LOSS,21.0
EURUSD,SHORT,2026-07-02,1.13779878616333,1.1514915858087726,1.110413186872445,1276,False,False,-1.43,2026-07-30,1.1514915858087726,LOSS,20.0
GBPUSD,SHORT,2022-06-20,1.2228227853775024,1.256369527842146,1.1557293004482152,228,False,False,-0.99,2022-09-01,1.1557293004482152,WIN,53.0
GBPUSD,SHORT,2022-09-14,1.1506155729293823,1.1800287262558737,1.0917892662763995,290,False,False,-1.28,2022-09-23,1.0917892662763995,WIN,7.0
GBPUSD,SHORT,2022-09-27,1.077284336090088,1.1173935324516375,0.9970659433669886,299,False,True,-3.17,2022-09-30,1.1173935324516375,LOSS,3.0
GBPUSD,LONG,2023-07-14,1.3128528594970703,1.2903315627778653,1.3578954529354803,507,False,True,3.07,2023-07-19,1.2903315627778653,LOSS,3.0
GBPUSD,LONG,2023-07-26,1.2893908023834229,1.2665338555199692,1.3351046961103301,515,False,False,0.3,2023-08-03,1.2665338555199692,LOSS,6.0
GBPUSD,SHORT,2023-09-22,1.2294225692749023,1.24778630206746,1.192695103689787,557,False,False,-2.18,2023-11-14,1.24778630206746,LOSS,37.0
GBPUSD,SHORT,2023-12-12,1.2554612159729004,1.2748248346452973,1.2167339786281066,614,False,False,0.21,2023-12-14,1.2748248346452973,LOSS,2.0
GBPUSD,SHORT,2023-12-21,1.2641266584396362,1.2860519358939795,1.2202761035309497,621,True,False,0.38,2024-03-08,1.2860519358939795,LOSS,56.0
GBPUSD,LONG,2024-07-18,1.3007453680038452,1.285414637072032,1.3314068298674715,771,False,False,2.39,2024-07-26,1.285414637072032,LOSS,6.0
GBPUSD,LONG,2024-07-29,1.2868356704711914,1.2726803793724484,1.3151462526686775,778,False,False,0.1,2024-08-02,1.2726803793724484,LOSS,4.0
GBPUSD,LONG,2024-08-26,1.3212658166885376,1.3026601519454069,1.358477146174799,798,False,True,3.08,2024-09-11,1.3026601519454069,LOSS,12.0
GBPUSD,LONG,2024-09-25,1.3427324295043945,1.3235245921367464,1.3811481042396907,820,False,False,2.53,2024-10-03,1.3235245921367464,LOSS,6.0
GBPUSD,LONG,2024-11-08,1.2982292175292969,1.2777753464848707,1.3391369596181493,852,True,False,-0.2,2024-11-12,1.2777753464848707,LOSS,2.0
GBPUSD,SHORT,2024-11-26,1.2533055543899536,1.2746508498152505,1.21061496353936,864,False,False,-2.21,2024-11-29,1.2746508498152505,LOSS,3.0
GBPUSD,SHORT,2024-12-27,1.2529758214950562,1.2753269250177217,1.208273614449725,887,False,False,-0.91,2025-03-04,1.2753269250177217,LOSS,46.0
GBPUSD,LONG,2025-04-25,1.3326226472854614,1.305738596344615,1.386390749167154,969,False,False,1.76,2025-11-04,1.305738596344615,LOSS,137.0
GBPUSD,SHORT,2025-11-05,1.3021697998046875,1.3213689564717785,1.2637714864705054,1107,False,False,-2.71,2025-11-26,1.3213689564717785,LOSS,15.0
GBPUSD,SHORT,2026-01-14,1.3426783084869385,1.3589692919919028,1.31009634147701,1155,True,False,-0.02,2026-01-23,1.3589692919919028,LOSS,7.0
GBPUSD,LONG,2026-02-09,1.3608959913253784,1.3381254714390205,1.4064370310980943,1173,False,False,0.17,2026-03-02,1.3381254714390205,LOSS,15.0
GBPUSD,LONG,2026-04-01,1.324327826499939,1.3006066214235992,1.3717702366526185,1210,True,False,-0.88,,,OPEN,
USDJPY,SHORT,2022-07-06,135.52099609375,138.5835747353221,129.39583881060582,240,True,False,0.68,2022-07-14,138.5835747353221,LOSS,6.0
USDJPY,SHORT,2022-07-18,138.31399536132812,141.28209832996527,132.37778942405384,248,True,False,1.55,2022-08-01,132.37778942405384,WIN,10.0
USDJPY,SHORT,2022-08-05,132.62100219726562,136.39660564453666,125.06979530272355,262,False,False,-1.31,2022-08-19,136.39660564453666,LOSS,10.0
USDJPY,SHORT,2022-09-29,144.3979949951172,147.94053423143882,137.31291652247393,301,True,False,1.1,2022-10-14,147.94053423143882,LOSS,11.0
USDJPY,SHORT,2022-11-30,138.7449951171875,142.93193587028816,130.37111361098619,345,False,False,-1.35,2023-01-03,130.37111361098619,WIN,24.0
USDJPY,SHORT,2023-01-20,128.3699951171875,132.73981097472657,119.63036340210937,382,False,False,-1.28,2023-02-06,132.73981097472657,LOSS,11.0
USDJPY,SHORT,2023-03-16,132.9290008544922,136.74049315401862,125.30601625543932,421,True,False,-0.92,2023-05-01,136.74049315401862,LOSS,32.0
USDJPY,LONG,2023-06-05,140.20700073242188,137.43128922920297,145.75842373885968,478,False,False,1.52,2023-07-14,137.43128922920297,LOSS,29.0
USDJPY,LONG,2023-08-22,146.23800659179688,143.49670705633005,151.72060566273052,534,False,False,1.74,2023-11-13,151.72060566273052,WIN,59.0
USDJPY,SHORT,2023-12-14,142.7729949951172,146.454765149659,135.40945468603354,616,False,False,-2.31,2024-01-16,146.454765149659,LOSS,23.0
USDJPY,SHORT,2024-02-28,150.4949951171875,152.4175759207497,146.6498335100631,670,False,False,1.12,2024-03-08,146.6498335100631,WIN,7.0
USDJPY,LONG,2024-04-16,154.20599365234375,152.26189699951934,158.09418695799258,704,False,False,2.55,2024-04-29,158.09418695799258,WIN,9.0
USDJPY,LONG,2024-05-01,157.7220001220703,155.05738073826734,163.05123888967626,715,False,False,2.48,2024-05-02,155.05738073826734,LOSS,1.0
USDJPY,LONG,2024-07-10,161.33099365234375,159.27921035129472,165.4345602544418,765,False,False,1.49,2024-07-11,159.27921035129472,LOSS,1.0
USDJPY,SHORT,2024-08-15,147.2530059814453,151.8509345662195,138.05714881189692,791,False,False,-1.33,2024-10-23,151.8509345662195,LOSS,49.0
USDJPY,SHORT,2024-11-11,152.9040069580078,156.28444646003734,146.14312795394875,853,False,False,0.88,2024-11-15,156.28444646003734,LOSS,4.0
USDJPY,SHORT,2024-11-18,154.66400146484375,158.26305884276087,147.4658867090095,858,True,False,1.04,2024-12-25,147.4658867090095,WIN,27.0
USDJPY,LONG,2025-01-02,157.718994140625,153.552641199504,166.051700022867,890,False,False,1.15,2025-02-05,153.552641199504,LOSS,24.0
USDJPY,SHORT,2025-04-29,142.17799377441406,145.92803542555728,134.67791047212762,971,False,False,-1.39,2025-05-09,145.92803542555728,LOSS,8.0
USDJPY,LONG,2025-11-20,156.99200439453125,154.435113919099,162.10578534539576,1118,False,False,2.4,2025-12-05,154.435113919099,LOSS,11.0
USDJPY,SHORT,2026-05-15,158.3820037841797,160.82790936452506,153.49019262348895,1242,False,False,0.27,2026-06-18,160.82790936452506,LOSS,24.0
USDJPY,SHORT,2026-07-10,162.36300659179688,163.8982457522152,159.29252827096025,1282,False,False,1.06,2026-07-23,163.8982457522152,LOSS,9.0
USDCHF,SHORT,2022-06-27,0.95728999376297,0.9809015042466754,0.910066972795559,233,False,False,-1.17,2022-07-11,0.9809015042466754,LOSS,10.0
USDCHF,SHORT,2022-09-22,0.9679399728775024,0.9886415660319657,0.9265367865685759,296,False,False,0.24,2022-09-26,0.9886415660319657,LOSS,2.0
USDCHF,SHORT,2022-10-27,0.985010027885437,1.0081288587079973,0.9387723662403165,321,True,False,-0.6,2022-11-03,1.0081288587079973,LOSS,5.0
USDCHF,LONG,2023-05-08,0.8911700248718262,0.8749148429510741,0.9236803887133302,458,True,False,-0.53,2023-07-12,0.8749148429510741,LOSS,47.0
USDCHF,SHORT,2023-07-26,0.8645300269126892,0.8805423082138827,0.8325054643103023,515,False,False,-1.35,2023-08-14,0.8805423082138827,LOSS,13.0
USDCHF,LONG,2023-09-22,0.9044700264930725,0.892942432704913,0.9275252140693915,557,False,False,2.24,2023-10-20,0.892942432704913,LOSS,20.0
USDCHF,LONG,2023-12-18,0.8706120252609253,0.8578402340572243,0.8961556076683272,618,False,False,-1.15,2023-12-21,0.8578402340572243,LOSS,3.0
USDCHF,SHORT,2024-01-09,0.8478999733924866,0.8638800792373222,0.8159397617028152,634,False,False,-1.01,2024-01-17,0.8638800792373222,LOSS,6.0
USDCHF,LONG,2024-03-27,0.9036499857902527,0.890074441209361,0.9308010749520361,690,False,False,2.42,2024-06-04,0.890074441209361,LOSS,49.0
USDCHF,LONG,2024-06-27,0.8967000246047974,0.8849110356291406,0.9202780025561108,756,False,False,0.21,2024-07-17,0.8849110356291406,LOSS,14.0
USDCHF,SHORT,2024-07-25,0.8850200176239014,0.8984393683365703,0.8581813161985634,776,False,False,-1.17,2024-08-02,0.8581813161985634,WIN,6.0
USDCHF,SHORT,2024-08-05,0.8561000227928162,0.8745662809142373,0.819167506549974,783,False,True,-3.07,2024-08-15,0.8745662809142373,LOSS,8.0
USDCHF,SHORT,2024-08-19,0.867579996585846,0.885226251537456,0.8322874866826258,793,False,False,-0.53,2024-11-14,0.885226251537456,LOSS,63.0
USDCHF,LONG,2024-12-24,0.8984699845314026,0.8844847046981653,0.9264405441978771,884,False,False,1.36,2024-12-25,0.8844847046981653,LOSS,1.0
USDCHF,LONG,2024-12-30,0.9018399715423584,0.8864982707738567,0.9325233730793618,888,False,False,1.22,2025-03-05,0.8864982707738567,LOSS,46.0
USDCHF,SHORT,2025-04-09,0.8456599712371826,0.8671747198457558,0.8026304740200363,959,False,False,-2.68,2025-06-26,0.8026304740200363,WIN,54.0
USDCHF,SHORT,2025-07-10,0.792930006980896,0.8066778636965154,0.7654342935496572,1023,False,False,-1.49,2025-07-29,0.8066778636965154,LOSS,13.0
USDCHF,LONG,2026-02-24,0.7742300033569336,0.7614071530947603,0.7998757038812803,1184,False,False,-0.12,2026-03-30,0.7998757038812803,WIN,24.0
USDCHF,LONG,2026-06-25,0.8125799894332886,0.8018247393880598,0.8340904895237462,1271,False,False,2.64,2026-07-02,0.8018247393880598,LOSS,5.0
AUDUSD,SHORT,2022-07-04,0.6815796494483948,0.6999728274769027,0.6447932933913789,238,False,False,-1.64,2022-07-28,0.6999728274769027,LOSS,18.0
AUDUSD,SHORT,2022-10-03,0.6420958042144775,0.6626433899608085,0.6010006327218156,303,False,False,-2.15,2022-10-10,0.6626433899608085,LOSS,5.0
AUDUSD,SHORT,2022-10-17,0.6223937273025513,0.6537963232495148,0.5595885354086243,313,False,False,-1.49,2022-11-08,0.6537963232495148,LOSS,16.0
AUDUSD,SHORT,2022-12-13,0.6754000186920166,0.6976142681015914,0.6309715198728669,354,True,False,0.48,2023-01-12,0.6976142681015914,LOSS,22.0
AUDUSD,LONG,2023-02-02,0.7145000696182251,0.6963206633894146,0.7508588820758462,391,False,False,1.72,2023-02-03,0.6963206633894146,LOSS,1.0
AUDUSD,LONG,2023-12-22,0.6796802878379822,0.6648694623411286,0.7093019388316892,622,False,False,2.1,2024-01-05,0.6648694623411286,LOSS,10.0
AUDUSD,LONG,2024-08-19,0.6672983765602112,0.6547772944351524,0.6923405408103287,793,False,False,1.17,2024-09-27,0.6923405408103287,WIN,29.0
AUDUSD,SHORT,2024-11-26,0.646379828453064,0.6598877210593326,0.6193640432405267,864,False,False,-1.33,2024-12-25,0.6598877210593326,LOSS,21.0
AUDUSD,SHORT,2025-01-02,0.6194201707839966,0.6342831664743724,0.5896941794032449,890,False,False,-1.54,2025-02-14,0.6342831664743724,LOSS,31.0
AUDUSD,LONG,2026-01-28,0.6995800137519836,0.6866579402344545,0.725424160787042,1165,False,True,3.56,2026-03-30,0.6866579402344545,LOSS,43.0
AUDUSD,SHORT,2026-06-11,0.6994200348854065,0.7112864357723753,0.6756872331114689,1261,False,False,-2.07,,,OPEN,
USDCAD,LONG,2022-09-27,1.3710600137710571,1.3437104453540898,1.4257591506049918,299,False,True,3.25,2022-11-08,1.3437104453540898,LOSS,30.0
USDCAD,SHORT,2023-03-28,1.3654099702835083,1.3848547039905996,1.3265205028693257,429,False,False,-0.17,2023-06-15,1.3265205028693257,WIN,57.0
USDCAD,SHORT,2023-06-22,1.316100001335144,1.333607618409756,1.28108476718592,491,False,False,-2.11,2023-07-06,1.333607618409756,LOSS,10.0
USDCAD,SHORT,2024-09-05,1.3508100509643555,1.3625180371698078,1.3273940785534508,806,False,False,-1.3,2024-09-19,1.3625180371698078,LOSS,10.0
USDCAD,SHORT,2024-11-08,1.3867299556732178,1.400026438088144,1.3601369908433654,852,False,False,0.53,2024-11-14,1.400026438088144,LOSS,4.0
USDCAD,LONG,2024-12-13,1.421720027923584,1.4052513105428077,1.4546574626851365,877,False,False,1.88,2025-02-03,1.4546574626851365,WIN,35.0
USDCAD,SHORT,2025-04-29,1.3830100297927856,1.4039783078830184,1.3410734736123202,971,False,False,-1.71,2025-10-14,1.4039783078830184,LOSS,120.0
USDCAD,LONG,2025-10-15,1.4045000076293945,1.3935926663367688,1.426314690214646,1092,False,False,2.0,2025-10-29,1.3935926663367688,LOSS,10.0
USDCAD,SHORT,2026-02-09,1.3658900260925293,1.3833906590034157,1.3308887602707564,1173,False,False,-0.59,2026-03-26,1.3833906590034157,LOSS,33.0
USDCAD,LONG,2026-06-16,1.3990000486373901,1.3875323223293066,1.4219355012535573,1264,False,False,2.01,2026-06-24,1.4219355012535573,WIN,6.0
USDCAD,LONG,2026-06-25,1.4235199689865112,1.410741965547933,1.4490759758636678,1271,False,True,3.49,2026-07-14,1.410741965547933,LOSS,13.0
NZDUSD,SHORT,2022-07-06,0.6165912747383118,0.6321819050686596,0.5854100140776162,240,False,False,-1.63,2022-07-29,0.6321819050686596,LOSS,17.0
NZDUSD,SHORT,2022-09-27,0.5665497779846191,0.5861035939157996,0.5274421461222583,299,False,True,-3.16,2022-10-27,0.5861035939157996,LOSS,22.0
NZDUSD,LONG,2022-12-08,0.6354088187217712,0.6143956653443469,0.67743512547662,351,False,False,1.51,2023-02-27,0.6143956653443469,LOSS,57.0
NZDUSD,SHORT,2023-08-25,0.591957688331604,0.6050717803989833,0.5657295041968453,537,False,False,-1.52,2023-10-11,0.6050717803989833,LOSS,33.0
NZDUSD,LONG,2023-12-08,0.616158127784729,0.602505582997628,0.643463217358931,612,False,False,1.22,2023-12-25,0.643463217358931,WIN,11.0
NZDUSD,LONG,2023-12-28,0.6349488496780396,0.6191365252483071,0.6665734985375045,626,False,False,1.69,2024-01-05,0.6191365252483071,LOSS,6.0
NZDUSD,SHORT,2024-06-14,0.6161011457443237,0.6275965612353454,0.5931103147622805,747,False,False,0.54,2024-07-24,0.5931103147622805,WIN,28.0
NZDUSD,SHORT,2024-09-12,0.6132185459136963,0.6249448539712343,0.5897659297986202,811,False,False,-0.36,2024-09-19,0.6249448539712343,LOSS,5.0
NZDUSD,LONG,2024-11-08,0.6022282242774963,0.5903785902235674,0.6259274923853542,852,False,False,-0.12,2024-11-13,0.5903785902235674,LOSS,3.0
NZDUSD,SHORT,2024-11-26,0.5811284184455872,0.5927974861747236,0.5577902829873143,864,False,False,-1.98,2024-11-29,0.5927974861747236,LOSS,3.0
NZDUSD,SHORT,2024-12-19,0.5617314577102661,0.5742718248554083,0.5366507234199818,881,False,True,-3.28,2024-12-25,0.5742718248554083,LOSS,4.0
NZDUSD,SHORT,2025-01-02,0.5598414540290833,0.5722750470193737,0.5349742680485023,890,False,False,-1.86,2025-02-14,0.5722750470193737,LOSS,31.0
NZDUSD,SHORT,2025-10-16,0.5716115236282349,0.5814627221793482,0.5519091265260081,1093,False,False,-1.63,2025-12-11,0.5814627221793482,LOSS,40.0
NZDUSD,LONG,2026-02-09,0.6032381653785706,0.590044216131347,0.6296260638730176,1173,False,False,1.48,2026-03-03,0.590044216131347,LOSS,16.0
NZDUSD,LONG,2026-04-14,0.5871990919113159,0.573846845680821,0.6139035843723057,1219,False,False,0.92,2026-06-19,0.573846845680821,LOSS,48.0
NZDUSD,SHORT,2026-07-08,0.567659318447113,0.5769784706372956,0.549021014066748,1280,False,False,-1.06,2026-07-10,0.5769784706372956,LOSS,2.0
EURJPY,SHORT,2023-04-03,144.04600524902344,148.16790617208918,135.80220340289196,433,False,False,0.54,2023-04-24,148.16790617208918,LOSS,15.0
EURJPY,LONG,2023-06-22,155.73699951171875,152.79833378695776,161.61433096124074,491,False,False,2.77,2023-07-28,152.79833378695776,LOSS,26.0
EURJPY,SHORT,2023-12-04,159.38699340820312,162.20865580564592,153.74366861331754,608,False,False,-1.52,2023-12-25,153.74366861331754,WIN,15.0
EURJPY,LONG,2024-07-11,175.0709991455078,172.54344677086345,180.12610389479653,766,False,False,2.09,2024-07-12,172.54344677086345,LOSS,1.0
EURJPY,LONG,2024-07-16,172.33599853515625,169.690403805852,177.62718799376478,769,False,False,-0.03,2024-07-23,169.690403805852,LOSS,5.0
EURJPY,SHORT,2024-08-15,162.14199829101562,166.79459649758502,152.83680187787684,791,False,False,-0.7,2025-06-16,166.79459649758502,LOSS,214.0
EURJPY,LONG,2025-06-26,169.2899932861328,166.61532038764005,174.63933908311833,1013,False,False,2.24,2025-09-24,174.63933908311833,WIN,64.0
EURJPY,LONG,2025-11-21,181.52499389648438,178.9861783206107,186.60262504823174,1119,False,False,2.28,2026-01-23,186.60262504823174,WIN,43.0
EURJPY,SHORT,2026-05-07,183.8509979248047,186.83216490570237,177.88866396300932,1236,False,False,-1.06,2026-07-30,186.83216490570237,LOSS,60.0
EURGBP,SHORT,2022-06-24,0.8579199910163879,0.8733216273322529,0.827116718384658,232,False,False,0.31,2022-09-16,0.8733216273322529,LOSS,60.0
EURGBP,LONG,2022-09-26,0.8970999717712402,0.8755718279992143,0.9401562593152921,298,False,False,2.66,2022-09-30,0.8755718279992143,LOSS,4.0
EURGBP,SHORT,2023-06-12,0.8544899821281433,0.8638156475233894,0.8358386513376512,483,False,False,-2.14,2023-06-28,0.8638156475233894,LOSS,12.0
EURGBP,LONG,2023-12-21,0.8656899929046631,0.8569478429228735,0.8831742928682422,621,False,False,0.67,2023-12-25,0.8569478429228735,LOSS,2.0
EURGBP,SHORT,2024-02-07,0.8533300161361694,0.8607059178879757,0.8385782126325569,655,False,False,-0.81,2024-04-22,0.8607059178879757,LOSS,53.0
EURGBP,SHORT,2024-06-24,0.8456699848175049,0.852017255979552,0.8329754424934106,753,False,False,-0.63,2024-08-02,0.852017255979552,LOSS,29.0
EURGBP,SHORT,2024-08-23,0.8486800193786621,0.8580505231387876,0.8299390118584111,797,False,False,-0.6,2024-10-18,0.8299390118584111,WIN,40.0
EURGBP,LONG,2025-01-29,0.8382200002670288,0.8286754907383337,0.857309019324419,909,False,False,-0.01,2025-02-18,0.8286754907383337,LOSS,14.0
EURGBP,LONG,2025-03-19,0.8414199948310852,0.8325510088550402,0.8591579667831752,944,False,False,1.15,2025-03-27,0.8325510088550402,LOSS,6.0
EURGBP,LONG,2025-04-11,0.8664299845695496,0.8507566940001123,0.897776565708424,961,False,False,2.77,2025-04-28,0.8507566940001123,LOSS,9.0
EURGBP,LONG,2025-06-24,0.856190025806427,0.8479374098335138,0.8726952577522533,1011,False,False,1.66,2025-07-25,0.8726952577522533,WIN,23.0
EURGBP,LONG,2025-11-12,0.8809199929237366,0.8728367451965315,0.8970864883781466,1112,False,False,1.23,2025-12-04,0.8728367451965315,LOSS,16.0
EURGBP,SHORT,2026-07-16,0.8469399809837341,0.8535710328927827,0.833677877165637,1286,False,False,-2.87,2026-07-21,0.8535710328927827,LOSS,3.0
EURAUD,LONG,2022-10-10,1.5304499864578247,1.496465938456579,1.598418082460316,308,False,False,1.72,2023-03-07,1.598418082460316,WIN,106.0
EURAUD,SHORT,2023-04-11,1.6348600387573242,1.665842101608437,1.5728959130550986,439,True,False,1.26,2023-04-26,1.665842101608437,LOSS,11.0
EURAUD,LONG,2023-05-04,1.6665600538253784,1.6338222945211907,1.732035572433754,456,False,False,1.37,2023-05-05,1.6338222945211907,LOSS,1.0
EURAUD,SHORT,2023-08-30,1.6781500577926636,1.7050006078963043,1.6244489575853822,540,False,False,-0.01,2023-12-14,1.6244489575853822,WIN,76.0
EURAUD,SHORT,2024-01-01,1.6180200576782227,1.6437224681985232,1.5666152366376216,628,False,False,-0.96,2024-01-11,1.6437224681985232,LOSS,8.0
EURAUD,SHORT,2024-06-27,1.607200026512146,1.62623504904268,1.569129981451078,756,False,False,-1.32,2024-07-18,1.62623504904268,LOSS,15.0
EURAUD,LONG,2025-03-10,1.722749948501587,1.6937232644344613,1.7808033166358381,937,True,True,3.35,2025-04-04,1.7808033166358381,WIN,19.0
EURAUD,LONG,2025-04-07,1.8143999576568604,1.76252501862882,1.9181498357129412,957,False,True,3.44,2025-05-01,1.76252501862882,LOSS,16.0
EURAUD,SHORT,2026-01-29,1.7008999586105347,1.726578811648445,1.6495422525347139,1166,False,False,-2.48,2026-03-03,1.6495422525347139,WIN,23.0
EURAUD,SHORT,2026-03-17,1.6267499923706055,1.6560278799231876,1.5681942172654413,1199,False,False,-1.68,2026-03-23,1.6560278799231876,LOSS,4.0
EURAUD,SHORT,2026-04-28,1.63018000125885,1.6497003341151502,1.59113933554625,1229,False,False,-1.8,2026-06-11,1.6497003341151502,LOSS,32.0
EURAUD,LONG,2026-07-08,1.6469999551773071,1.630301566495227,1.6803967325414675,1280,False,False,0.33,2026-07-20,1.630301566495227,LOSS,8.0
EURCAD,SHORT,2022-07-12,1.305609941482544,1.330786041767491,1.2552577409126497,244,False,False,-2.8,2022-09-16,1.330786041767491,LOSS,48.0
EURCAD,LONG,2022-10-05,1.3483699560165405,1.3213197169848896,1.4024704340798424,305,False,False,1.62,2022-11-28,1.4024704340798424,WIN,38.0
EURCAD,LONG,2022-11-30,1.4023699760437012,1.3764650557387739,1.4541798166535558,345,False,False,2.08,2022-12-15,1.4541798166535558,WIN,11.0
EURCAD,LONG,2022-12-16,1.4527699947357178,1.4270342951285666,1.50424139395002,357,False,False,2.86,2023-01-06,1.4270342951285666,LOSS,15.0
EURCAD,SHORT,2023-06-07,1.4333000183105469,1.4554764658626174,1.388947123206406,480,False,False,-2.07,2023-07-07,1.4554764658626174,LOSS,22.0
EURCAD,SHORT,2023-09-20,1.4357800483703613,1.455110463328362,1.39711921845436,555,False,False,-2.14,2023-10-23,1.455110463328362,LOSS,23.0
EURCAD,SHORT,2023-12-01,1.4764699935913086,1.4970271682875766,1.4353556441987725,607,False,False,-0.6,2024-07-22,1.4970271682875766,LOSS,166.0
EURCAD,LONG,2024-07-23,1.498460054397583,1.4854183928100888,1.5245433775725714,774,False,False,2.33,2024-11-11,1.4854183928100888,LOSS,79.0
EURCAD,SHORT,2024-11-20,1.4802099466323853,1.5002531674687485,1.4401235049596588,860,False,False,-1.2,2024-12-17,1.5002531674687485,LOSS,19.0
EURCAD,LONG,2025-03-24,1.5529099702835083,1.5266905135200615,1.605348883810402,947,False,False,0.82,2025-06-26,1.605348883810402,WIN,66.0
EURCAD,LONG,2025-06-30,1.6043599843978882,1.5832811249278365,1.6465177033379916,1015,False,False,2.31,2025-07-30,1.5832811249278365,LOSS,22.0
EURCAD,LONG,2025-09-29,1.6314500570297241,1.6129306967970019,1.6684887774951687,1080,False,False,0.94,2025-12-05,1.6129306967970019,LOSS,49.0
EURCAD,SHORT,2026-03-09,1.567229986190796,1.5861905720433698,1.5293088144856481,1193,False,True,-3.76,2026-03-20,1.5861905720433698,LOSS,9.0
EURCAD,SHORT,2026-03-23,1.5848300457000732,1.6061729338375128,1.5421442694251941,1203,False,False,-0.24,2026-03-31,1.6061729338375128,LOSS,6.0
EURCAD,SHORT,2026-04-23,1.6001399755477905,1.6165115999009307,1.56739672684151,1226,False,False,-0.88,2026-06-04,1.6165115999009307,LOSS,30.0
EURCHF,SHORT,2022-06-30,0.9966899752616882,1.0174768426198848,0.9551162405452951,236,False,False,-2.32,2022-09-15,0.9551162405452951,WIN,55.0
EURCHF,SHORT,2022-09-21,0.9610000252723694,0.9779502041405378,0.9270996675360326,295,False,False,-0.74,2022-10-04,0.9779502041405378,LOSS,9.0
EURCHF,SHORT,2023-05-15,0.9748799800872803,0.9851208114066214,0.9543983174485979,463,False,False,-1.09,2023-07-26,0.9543983174485979,WIN,52.0
EURCHF,SHORT,2023-08-04,0.9574300050735474,0.9685826831091782,0.9351246490022858,522,False,False,-0.99,2023-09-27,0.9685826831091782,LOSS,38.0
EURCHF,SHORT,2023-10-19,0.9471200108528137,0.957554960096098,0.9262501123662452,576,False,False,-1.91,2023-10-30,0.957554960096098,LOSS,7.0
EURCHF,LONG,2024-01-18,0.9408000111579895,0.9260677083115005,0.9702646168509674,641,False,False,0.53,2024-03-21,0.9702646168509674,WIN,45.0
EURCHF,LONG,2024-03-22,0.9750000238418579,0.9652681154618262,0.9944638406019213,687,False,True,3.02,2024-04-19,0.9652681154618262,LOSS,20.0
EURCHF,LONG,2024-07-02,0.9697399735450745,0.9576745783399845,0.9938707639552544,759,False,False,0.96,2024-07-25,0.9576745783399845,LOSS,17.0
EURCHF,SHORT,2024-07-31,0.9539899826049805,0.9656160750039817,0.930737797806978,780,False,False,-1.83,2024-08-05,0.930737797806978,WIN,3.0
EURCHF,SHORT,2024-08-07,0.9315000176429749,0.9483750443502602,0.8977499642284041,785,False,False,-2.73,2024-08-12,0.9483750443502602,LOSS,3.0
EURCHF,SHORT,2024-08-15,0.9524800181388855,0.9692305810148444,0.9189788923869677,791,False,False,0.14,2025-11-14,0.9189788923869677,WIN,323.0
EURCHF,LONG,2026-02-20,0.9124900102615356,0.9048751862818907,0.9277196582208256,1182,True,False,-1.07,2026-03-02,0.9048751862818907,LOSS,6.0
EURCHF,SHORT,2026-03-09,0.9001200199127197,0.9096016949169416,0.8811566699042759,1193,False,False,-2.28,2026-03-19,0.9096016949169416,LOSS,8.0
EURCHF,SHORT,2026-05-01,0.9167400002479553,0.9259253114915346,0.8983693777607968,1232,False,False,-0.67,2026-06-19,0.9259253114915346,LOSS,35.0
EURNZD,LONG,2022-10-10,1.7361600399017334,1.6931221822883618,1.8222357551284767,308,False,False,1.77,2022-11-01,1.6931221822883618,LOSS,16.0
EURNZD,LONG,2023-04-27,1.8043800592422485,1.7701365766602786,1.8728670244061885,451,False,False,2.31,2023-05-02,1.7701365766602786,LOSS,3.0
EURNZD,LONG,2023-05-04,1.7819000482559204,1.7450173349151712,1.8556654749374188,456,False,False,0.59,2023-05-08,1.7450173349151712,LOSS,2.0
EURNZD,SHORT,2023-12-07,1.7533600330352783,1.784800835429713,1.6904784282464091,611,False,False,-2.04,2024-01-19,1.784800835429713,LOSS,31.0
EURNZD,LONG,2024-04-08,1.803689956665039,1.7862432714220888,1.8385833271509395,698,False,False,1.04,2024-04-10,1.7862432714220888,LOSS,2.0
EURNZD,SHORT,2024-06-24,1.748829960823059,1.768446285120999,1.7095973122271793,753,False,False,-0.85,2024-07-02,1.768446285120999,LOSS,6.0
EURNZD,LONG,2024-08-05,1.8308000564575195,1.7989680030656348,1.894464163241289,783,False,False,1.29,2024-08-23,1.7989680030656348,LOSS,14.0
EURNZD,SHORT,2024-11-12,1.7861299514770508,1.8129791107438435,1.7324316329434652,854,False,False,-1.08,2024-12-09,1.8129791107438435,LOSS,19.0
EURNZD,LONG,2025-01-02,1.8490500450134277,1.8187636967212517,1.9096227415977798,890,False,False,1.17,2025-02-20,1.8187636967212517,LOSS,35.0
EURNZD,LONG,2025-03-10,1.9017599821090698,1.8710113926351748,1.9632571610568599,937,False,True,3.12,2025-04-04,1.9632571610568599,WIN,19.0
EURNZD,LONG,2025-04-07,1.9818899631500244,1.9336649021960686,2.078340085057936,957,False,True,3.6,2025-04-10,1.9336649021960686,LOSS,3.0
EURNZD,LONG,2025-04-22,1.9185199737548828,1.8650018801394477,2.025556160985753,966,False,False,-0.06,2025-09-26,2.025556160985753,WIN,113.0
EURNZD,LONG,2025-09-30,2.0291099548339844,2.0049308945616837,2.0774680753785857,1081,False,False,2.47,2025-10-06,2.0049308945616837,LOSS,4.0
EURNZD,LONG,2025-10-08,2.010040044784546,1.9854611699771412,2.0591977943993554,1087,False,False,0.42,2025-11-07,2.0591977943993554,WIN,22.0
EURNZD,LONG,2025-11-14,2.0579700469970703,2.030883573574876,2.1121429938414593,1114,False,False,1.83,2025-11-27,2.030883573574876,LOSS,9.0
EURNZD,SHORT,2026-01-29,1.9746299982070923,2.003012304187131,1.9178653862470147,1166,False,False,-2.32,2026-03-27,2.003012304187131,LOSS,41.0
EURNZD,SHORT,2026-04-21,1.9944000244140625,2.0180042155350817,1.9471916421720241,1224,False,False,-0.38,2026-05-29,1.9471916421720241,WIN,28.0
GBPJPY,SHORT,2022-10-06,164.0019989013672,170.45345603875896,151.09908462658365,306,False,False,0.7,2022-10-26,170.45345603875896,LOSS,14.0
GBPJPY,SHORT,2023-01-12,160.33599853515625,164.72145935154967,151.5650769023694,376,False,False,-0.35,2023-02-28,164.72145935154967,LOSS,33.0
GBPJPY,LONG,2023-06-19,181.97999572753906,178.06490415266686,189.81017887728348,488,False,True,3.65,2023-07-28,178.06490415266686,LOSS,29.0
GBPJPY,SHORT,2024-02-06,186.30099487304688,189.47858040961395,179.94582379991272,654,False,False,0.01,2024-02-13,189.47858040961395,LOSS,5.0
GBPJPY,SHORT,2024-02-16,188.89100646972656,191.7920922478918,183.0888349133961,662,False,False,0.98,2024-03-20,191.7920922478918,LOSS,23.0
GBPJPY,LONG,2024-05-27,199.781005859375,196.53487600988004,206.27326555836493,733,False,False,2.03,2024-07-05,206.27326555836493,WIN,29.0
GBPJPY,LONG,2024-07-09,206.14199829101562,203.6061771936103,211.21364048582626,764,False,False,2.48,2024-07-17,203.6061771936103,LOSS,6.0
GBPJPY,SHORT,2024-08-20,190.5590057373047,196.6948269347565,178.28736334240108,794,False,False,-0.53,2024-10-23,196.6948269347565,LOSS,46.0
GBPJPY,SHORT,2024-12-03,189.24099731445312,193.5150233474303,180.6929452484988,869,False,False,-2.28,2024-12-10,193.5150233474303,LOSS,5.0
GBPJPY,LONG,2024-12-27,197.625,193.41748895997162,206.04002208005676,887,False,False,1.15,2025-01-10,193.41748895997162,LOSS,9.0
GBPJPY,LONG,2025-12-22,210.875,207.7214047602289,217.18219047954221,1140,False,False,2.3,2026-02-12,207.7214047602289,LOSS,36.0
GBPJPY,SHORT,2026-05-07,212.69200134277344,216.2356348121779,205.60473440396453,1236,True,False,-0.72,2026-07-06,216.2356348121779,LOSS,42.0
GBPAUD,LONG,2022-09-14,1.705880045890808,1.6754380212265292,1.766764095219366,290,False,False,-0.09,2022-09-23,1.6754380212265292,LOSS,7.0
GBPAUD,LONG,2022-12-21,1.8222500085830688,1.784929697879361,1.8968906299904846,360,False,False,0.96,2022-12-27,1.784929697879361,LOSS,4.0
GBPAUD,SHORT,2023-04-11,1.8636900186538696,1.895321158545245,1.800427738871119,439,True,False,1.7,2023-04-28,1.895321158545245,LOSS,13.0
GBPAUD,LONG,2023-05-04,1.8921300172805786,1.855174864644919,1.9660403225518976,456,False,False,1.45,2023-06-12,1.855174864644919,LOSS,27.0
GBPAUD,SHORT,2023-08-30,1.9509199857711792,1.983157630902828,1.8864446955078815,540,False,False,-0.34,2023-09-29,1.8864446955078815,WIN,22.0
GBPAUD,SHORT,2023-10-02,1.8939599990844727,1.9244136133832022,1.8330527704870136,563,False,False,-1.87,2023-10-12,1.9244136133832022,LOSS,8.0
GBPAUD,SHORT,2024-01-03,1.8655400276184082,1.8982513061152604,1.8001174706247038,630,False,False,-0.97,2024-01-05,1.8982513061152604,LOSS,2.0
GBPAUD,SHORT,2024-02-12,1.936579942703247,1.9630202950929458,1.8836992379238495,658,True,False,0.75,2024-07-25,1.9630202950929458,LOSS,118.0
GBPAUD,LONG,2024-08-06,1.9626400470733643,1.932457169451868,2.023005802316357,784,False,False,1.17,2024-08-09,1.932457169451868,LOSS,3.0
GBPAUD,LONG,2024-09-09,1.968559980392456,1.9418594470803943,2.0219610470165796,808,False,False,1.58,2024-09-19,1.9418594470803943,LOSS,8.0
GBPAUD,LONG,2024-12-27,2.0131399631500244,1.973881382977899,2.0916571234942753,887,False,False,1.05,2025-01-13,1.973881382977899,LOSS,10.0
GBPAUD,LONG,2025-03-10,2.051379919052124,2.0198987916942053,2.1143421737679615,937,False,False,2.51,2025-04-04,2.1143421737679615,WIN,19.0
GBPAUD,LONG,2025-04-07,2.1559898853302,2.10253915904946,2.2628913378916806,957,False,True,3.57,2025-04-08,2.10253915904946,LOSS,1.0
GBPAUD,LONG,2025-04-16,2.0874500274658203,2.026729455024866,2.2088911723477294,964,False,False,0.31,2025-10-09,2.026729455024866,LOSS,124.0
GBPAUD,SHORT,2026-01-23,1.973520040512085,1.999869193043143,1.920821735449969,1162,False,False,-2.22,2026-02-11,1.920821735449969,WIN,13.0
GBPAUD,SHORT,2026-02-12,1.9118800163269043,1.943317958347496,1.849004132285721,1176,False,True,-3.13,,,OPEN,
GBPCAD,SHORT,2022-07-07,1.5539100170135498,1.5825082265273431,1.4967135979859632,241,False,False,-1.33,2022-09-23,1.4967135979859632,WIN,56.0
GBPCAD,LONG,2022-11-30,1.6222000122070312,1.5818821379976984,1.702835760625697,345,False,False,1.82,2023-04-26,1.702835760625697,WIN,105.0
GBPCAD,SHORT,2023-09-01,1.7119499444961548,1.7429983494751438,1.6498531345381768,542,False,False,-0.09,2023-09-22,1.6498531345381768,WIN,15.0
GBPCAD,SHORT,2023-09-25,1.6496800184249878,1.6768260941406572,1.595387866993649,558,False,False,-2.65,2023-10-24,1.6768260941406572,LOSS,21.0
GBPCAD,SHORT,2023-12-11,1.7049000263214111,1.7278003729124474,1.6590993331393387,613,False,False,-0.23,2024-03-06,1.7278003729124474,LOSS,62.0
GBPCAD,LONG,2024-06-04,1.74576997756958,1.7298214421713825,1.7776670483659753,739,False,False,1.7,2024-06-21,1.7298214421713825,LOSS,13.0
GBPCAD,LONG,2024-07-18,1.779229998588562,1.760950052581792,1.815789890602102,771,False,False,2.95,2024-08-05,1.760950052581792,LOSS,12.0
GBPCAD,LONG,2024-09-03,1.7736599445343018,1.7553315109615444,1.8103168116798165,804,False,False,0.19,2024-09-30,1.8103168116798165,WIN,19.0
GBPCAD,SHORT,2024-11-25,1.7510000467300415,1.77403546586049,1.7049292084691445,863,False,False,-2.6,2024-11-26,1.77403546586049,LOSS,1.0
GBPCAD,SHORT,2024-12-02,1.7796399593353271,1.8035882745966454,1.7317433288126907,868,False,False,0.09,2024-12-06,1.8035882745966454,LOSS,4.0
GBPCAD,LONG,2025-05-27,1.8631500005722046,1.8387882698611904,1.911873461994233,991,False,False,0.88,2025-06-17,1.8387882698611904,LOSS,15.0
GBPCAD,SHORT,2025-08-01,1.8303099870681763,1.8524350274686927,1.7860599062671434,1039,False,False,-1.19,2025-08-11,1.8524350274686927,LOSS,6.0
GBPCAD,SHORT,2026-02-27,1.8449100255966187,1.8654484638064055,1.803833149177045,1187,False,False,-0.8,2026-03-09,1.803833149177045,WIN,6.0
GBPCAD,SHORT,2026-03-16,1.8162399530410767,1.8387445018677337,1.7712308553877625,1198,False,False,-1.46,2026-03-20,1.8387445018677337,LOSS,4.0
GBPCHF,SHORT,2022-06-30,1.1573200225830078,1.183305191072574,1.1053496856038754,236,False,False,-2.53,2022-09-14,1.1053496856038754,WIN,54.0
GBPCHF,SHORT,2022-09-19,1.1011099815368652,1.1212803814609709,1.060769181688654,293,False,False,-2.23,2022-09-26,1.060769181688654,WIN,5.0
GBPCHF,LONG,2023-01-12,1.1316399574279785,1.1050216061576719,1.1848766599685918,376,False,False,0.53,2023-03-13,1.1050216061576719,LOSS,42.0
GBPCHF,LONG,2023-06-19,1.1476000547409058,1.1319133580961094,1.1789734480304985,488,False,False,2.05,2023-06-28,1.1319133580961094,LOSS,7.0
GBPCHF,LONG,2023-08-14,1.1127899885177612,1.0989751244301482,1.1404197166929873,528,False,False,-0.69,2023-10-13,1.0989751244301482,LOSS,44.0
GBPCHF,SHORT,2023-10-26,1.085170030593872,1.0997666991786754,1.0559766934242654,581,False,False,-1.88,2023-10-31,1.0997666991786754,LOSS,3.0
GBPCHF,SHORT,2023-12-29,1.073889970779419,1.0919912617983585,1.0376873887415399,627,False,False,-2.11,2024-01-17,1.0919912617983585,LOSS,13.0
GBPCHF,LONG,2024-02-21,1.1132899522781372,1.0995211889214744,1.1408274789914628,665,False,False,1.41,2024-03-21,1.1408274789914628,WIN,21.0
GBPCHF,LONG,2024-03-26,1.1366599798202515,1.1235704121171628,1.1628391152264288,689,False,False,1.76,2024-04-19,1.1235704121171628,LOSS,18.0
GBPCHF,LONG,2024-05-07,1.1387100219726562,1.1235840250251143,1.16896201586774,719,False,False,-0.02,2024-06-18,1.1235840250251143,LOSS,30.0
GBPCHF,LONG,2024-07-03,1.146630048751831,1.1321429388834876,1.175604268488518,760,False,False,1.16,2024-07-25,1.1321429388834876,LOSS,16.0
GBPCHF,SHORT,2024-08-02,1.111009955406189,1.1315926213711225,1.069844623476322,782,False,False,-2.8,2024-09-23,1.1315926213711225,LOSS,36.0
GBPCHF,SHORT,2025-04-28,1.1009999513626099,1.128389296578507,1.0462212609308157,970,False,False,-0.13,2025-11-12,1.0462212609308157,WIN,142.0
GBPCHF,LONG,2026-03-10,1.0439000129699707,1.0297163871476924,1.0722672646145273,1194,False,False,-0.25,2026-06-22,1.0722672646145273,WIN,74.0
GBPCHF,LONG,2026-07-14,1.0873899459838867,1.077768468964081,1.1066329000234982,1284,False,False,2.72,,,OPEN,
GBPNZD,LONG,2023-04-27,2.0373599529266357,2.0033317813061298,2.1054162961676477,451,False,False,2.15,2023-05-03,2.0033317813061298,LOSS,4.0
GBPNZD,LONG,2023-05-04,2.024209976196289,1.9878943958687803,2.0968411368513067,456,False,False,0.82,2023-05-08,1.9878943958687803,LOSS,2.0
GBPNZD,LONG,2023-06-08,2.0594799518585205,2.0199016617137473,2.138636532148067,481,False,False,1.43,2023-08-16,2.138636532148067,WIN,49.0
GBPNZD,LONG,2023-08-17,2.1456799507141113,2.108565328667008,2.2199091948083183,531,False,False,2.54,2023-09-14,2.108565328667008,LOSS,20.0
GBPNZD,SHORT,2023-12-29,2.009850025177002,2.0423067196950897,1.9449366361408265,627,False,False,-1.39,2024-01-08,2.0423067196950897,LOSS,6.0
GBPNZD,SHORT,2024-02-12,2.055419921875,2.0828201383420852,2.0006194889408295,658,False,False,-0.73,2024-03-05,2.0828201383420852,LOSS,16.0
GBPNZD,LONG,2024-04-08,2.1024699211120605,2.0808860062127663,2.145637750910649,698,False,False,0.55,2024-05-08,2.0808860062127663,LOSS,22.0
GBPNZD,LONG,2024-08-05,2.1501500606536865,2.1150209192527054,2.2204083434556487,783,False,False,0.31,2024-08-07,2.1150209192527054,LOSS,2.0
GBPNZD,LONG,2024-10-30,2.179219961166382,2.1487080536318444,2.240243776235457,845,False,False,1.99,2024-11-13,2.1487080536318444,LOSS,10.0
GBPNZD,SHORT,2024-11-18,2.1518900394439697,2.181527308240742,2.0926155018504256,858,False,False,-0.35,2024-12-06,2.181527308240742,LOSS,14.0
GBPNZD,LONG,2024-12-26,2.2195000648498535,2.173032315033323,2.3124355644829144,886,False,False,0.99,2025-01-14,2.173032315033323,LOSS,12.0
GBPNZD,LONG,2025-03-10,2.2644999027252197,2.2281824355312914,2.3371348371130765,937,False,False,2.02,2025-03-18,2.2281824355312914,LOSS,6.0
GBPNZD,LONG,2025-04-07,2.329590082168579,2.276914868459649,2.434940509586439,957,False,False,2.6,2025-04-08,2.276914868459649,LOSS,1.0
GBPNZD,LONG,2025-04-09,2.3173201084136963,2.2578476080290186,2.4362651091830516,959,False,False,1.61,2025-04-10,2.2578476080290186,LOSS,1.0
GBPNZD,SHORT,2025-09-09,2.279639959335327,2.3092612896340605,2.2203972987378604,1066,False,False,-0.38,2025-09-18,2.3092612896340605,LOSS,7.0
GBPNZD,LONG,2025-09-29,2.320349931716919,2.293530053291401,2.3739896885679546,1080,False,False,1.81,2025-10-29,2.293530053291401,LOSS,22.0
GBPNZD,SHORT,2026-01-29,2.279289960861206,2.310309035831276,2.2172518109210664,1166,False,False,-1.94,2026-03-26,2.310309035831276,LOSS,40.0
GBPNZD,SHORT,2026-04-15,2.2995400428771973,2.325469915030863,2.2476802985698656,1220,True,False,0.04,2026-05-29,2.2476802985698656,WIN,32.0
AUDJPY,SHORT,2022-10-07,93.0260009765625,95.59996237508847,87.87807817951057,307,False,False,-1.1,2022-10-21,95.59996237508847,LOSS,10.0
AUDJPY,SHORT,2022-12-14,92.76699829101562,94.7288913880769,88.84321209689307,355,False,False,-0.09,2022-12-20,88.84321209689307,WIN,4.0
AUDJPY,SHORT,2022-12-21,88.20099639892578,91.19775271209345,82.20748377259045,360,False,False,-2.67,2023-01-09,91.19775271209345,LOSS,13.0
AUDJPY,SHORT,2023-03-21,88.2509994506836,90.95450713011518,82.84398409182043,424,False,False,-1.37,2023-05-01,90.95450713011518,LOSS,29.0
AUDJPY,LONG,2023-06-14,94.88200378417969,92.65284504480069,99.34032126293769,485,False,False,2.23,2023-07-28,92.65284504480069,LOSS,32.0
AUDJPY,LONG,2024-05-15,103.66300201416016,101.5699080155402,107.84919001140008,725,False,False,1.88,2024-07-03,107.84919001140008,WIN,35.0
AUDJPY,LONG,2024-07-04,108.44999694824219,106.77082967808335,111.80833148855987,761,False,True,3.01,2024-07-12,106.77082967808335,LOSS,6.0
AUDJPY,SHORT,2024-08-15,97.18000030517578,101.07955504344386,89.38089082863962,791,False,False,-0.97,2024-10-03,101.07955504344386,LOSS,35.0
AUDJPY,SHORT,2024-10-22,100.17776489257812,102.63252655432028,95.26824156909382,839,False,False,0.44,2024-12-25,95.26824156909382,WIN,46.0
AUDJPY,LONG,2025-01-06,97.94599914550781,95.12833410950834,103.58132921750675,892,False,False,0.04,2025-02-03,95.12833410950834,LOSS,20.0
AUDJPY,SHORT,2025-02-06,95.90286254882812,98.2114845952479,91.28561845598858,915,False,False,-0.93,2025-04-04,91.28561845598858,WIN,41.0
AUDJPY,SHORT,2025-04-22,90.46299743652344,93.91856371924715,83.55186487107602,966,False,False,-0.55,2025-05-12,93.91856371924715,LOSS,14.0
AUDJPY,LONG,2026-01-16,106.2770004272461,104.6254304646011,109.58014035253609,1157,False,False,1.63,2026-02-04,109.58014035253609,WIN,13.0
AUDJPY,LONG,2026-02-09,110.59300231933594,107.77353324001005,116.2319404779877,1173,False,False,2.18,2026-02-13,107.77353324001005,LOSS,4.0
AUDJPY,LONG,2026-02-17,108.63899993896484,105.83758260509072,114.2418346067131,1179,False,False,0.37,2026-04-17,114.2418346067131,WIN,43.0
AUDJPY,LONG,2026-04-28,114.58399963378906,112.85517142606585,118.04165604923548,1229,False,False,1.92,2026-04-30,112.85517142606585,LOSS,2.0
CADJPY,SHORT,2022-09-30,105.61000061035156,108.04243687774266,100.74512807556937,302,False,False,-0.9,2022-10-17,108.04243687774266,LOSS,11.0
CADJPY,SHORT,2022-11-24,104.36599731445312,107.13715082839359,98.8236902865722,341,False,False,-1.36,2022-12-19,98.8236902865722,WIN,17.0
CADJPY,SHORT,2022-12-21,96.96099853515625,100.7038846494614,89.47522630654595,360,False,False,-2.27,2023-02-28,100.7038846494614,LOSS,49.0
CADJPY,SHORT,2023-03-23,95.6259994506836,98.43647195074456,90.00505445056166,426,True,False,-1.57,2023-03-31,98.43647195074456,LOSS,6.0
CADJPY,LONG,2023-06-08,104.62000274658203,102.37742522353754,109.10515779267101,481,False,False,1.78,2023-06-26,109.10515779267101,WIN,12.0
CADJPY,LONG,2023-06-30,109.26599884033203,107.17421580926755,113.44956490246099,497,False,False,2.5,2023-07-07,107.17421580926755,LOSS,5.0
CADJPY,LONG,2024-07-01,117.67900085449219,116.16685188051946,120.70329880243764,758,False,False,2.6,2024-07-11,116.16685188051946,LOSS,8.0
CADJPY,SHORT,2024-08-15,107.35399627685547,110.85277999234064,100.35642884588512,791,False,False,-1.09,2024-11-06,110.85277999234064,LOSS,59.0
CADJPY,LONG,2024-12-20,109.45600128173828,106.56564629710495,115.23671125100495,882,False,False,1.02,2024-12-25,106.56564629710495,LOSS,3.0
CADJPY,LONG,2025-01-02,109.69100189208984,106.77858802137271,115.5158296335241,890,False,False,0.63,2025-01-30,106.77858802137271,LOSS,20.0
CADJPY,SHORT,2025-03-04,103.01699829101562,105.52630795995822,97.99837895313044,933,False,False,-2.07,2025-03-26,105.52630795995822,LOSS,16.0
CADJPY,LONG,2025-12-29,114.49199676513672,112.73077871018047,118.01443287504921,1144,False,False,1.86,2026-01-26,112.73077871018047,LOSS,19.0
CADJPY,LONG,2026-03-12,116.9489974975586,114.97859064670445,120.88981119926689,1196,False,False,2.13,2026-03-20,114.97859064670445,LOSS,6.0
CADJPY,SHORT,2026-05-07,114.75900268554688,116.87231677098565,110.53237451466933,1236,False,False,-1.0,,,OPEN,
CHFJPY,SHORT,2022-07-13,139.22999572753906,142.65387458254455,132.3822380175281,245,False,False,-0.1,2022-07-20,142.65387458254455,LOSS,5.0
CHFJPY,SHORT,2022-07-22,141.8730010986328,144.9927329078332,135.63353748023206,252,False,False,0.84,2022-09-06,144.9927329078332,LOSS,32.0
CHFJPY,LONG,2022-09-14,150.30999755859375,146.9680109666229,156.99397074253545,290,False,True,3.24,2022-09-22,146.9680109666229,LOSS,6.0
CHFJPY,LONG,2023-05-01,152.4669952392578,148.9248684784456,159.55124876088223,453,False,False,2.13,2023-06-23,159.55124876088223,WIN,39.0
CHFJPY,LONG,2023-06-28,160.97000122070312,158.0473728242113,166.8152580136868,495,False,False,2.75,2023-10-18,166.8152580136868,WIN,80.0
CHFJPY,SHORT,2024-05-28,171.7259979248047,173.92234591086955,167.33330195267496,734,False,False,0.56,2024-05-31,173.92234591086955,LOSS,3.0
CHFJPY,LONG,2024-06-24,178.68333435058594,176.471362120107,183.10727881154384,753,False,False,2.77,2024-07-12,176.471362120107,LOSS,14.0
CHFJPY,LONG,2024-08-22,170.49200439453125,167.16833557134524,177.13934204090327,796,False,False,-0.59,2024-09-11,167.16833557134524,LOSS,14.0
CHFJPY,SHORT,2024-09-20,168.48902893066406,171.77287307923322,161.92134063352574,817,False,False,-0.29,2024-09-27,171.77287307923322,LOSS,5.0
CHFJPY,SHORT,2024-11-11,174.53500366210938,177.24069262713203,169.12362573206406,853,False,False,-0.24,2024-12-02,169.12362573206406,WIN,15.0
CHFJPY,LONG,2024-12-20,175.34300231933594,171.29418184499403,183.44064326801976,882,False,False,1.48,2024-12-25,171.29418184499403,LOSS,3.0
CHFJPY,LONG,2024-12-26,174.6849365234375,170.64226242754194,182.77028471522863,886,False,False,0.79,2025-01-16,170.64226242754194,LOSS,14.0
CHFJPY,SHORT,2025-02-18,168.11399841308594,171.45426070245895,161.4334738343399,923,False,False,-0.85,2025-04-07,171.45426070245895,LOSS,34.0
CHFJPY,SHORT,2025-04-30,172.78721618652344,175.95657830255328,166.44849195446375,972,False,False,0.22,2025-05-02,175.95657830255328,LOSS,2.0
CHFJPY,LONG,2025-06-24,179.5469970703125,176.86336362761043,184.91426395571665,1011,False,False,2.19,2025-07-11,184.91426395571665,WIN,13.0
CHFJPY,LONG,2025-07-14,184.8294677734375,182.1380024088654,190.21239850258172,1025,False,False,2.77,2025-08-04,182.1380024088654,LOSS,15.0
CHFJPY,LONG,2025-09-24,186.49600219726562,184.53247313221232,190.42306032737224,1077,False,False,1.29,2025-10-01,184.53247313221232,LOSS,5.0
CHFJPY,LONG,2025-10-20,190.11099243164062,187.6819871788246,194.96900293727265,1095,False,False,1.59,2025-11-13,194.96900293727265,WIN,18.0
CHFJPY,LONG,2025-11-18,194.97999572753906,191.9843435323853,200.97130011784657,1116,False,False,2.12,2026-01-23,200.97130011784657,WIN,46.0
CHFJPY,SHORT,2026-04-09,200.42300415039062,203.1470809111325,194.9748506289069,1216,False,False,-0.15,2026-04-14,203.1470809111325,LOSS,3.0
CHFJPY,SHORT,2026-05-07,200.91961669921875,204.17503797468606,194.40877414828412,1236,False,False,-0.57,2026-08-03,194.40877414828412,WIN,62.0
NZDJPY,SHORT,2022-10-03,81.33999633789062,83.77728696896533,76.46541507574122,303,False,False,-2.12,2022-10-06,83.77728696896533,LOSS,3.0
NZDJPY,SHORT,2022-10-07,82.08100128173828,84.85740874350955,76.52818635819574,307,False,False,-1.03,2022-10-18,84.85740874350955,LOSS,7.0
NZDJPY,SHORT,2023-01-03,82.7229995727539,86.31448418512213,75.54003034801747,369,False,False,-1.15,2023-05-19,86.31448418512213,LOSS,98.0
NZDJPY,LONG,2023-12-01,91.11199951171875,89.34311225074904,94.64977403365816,607,False,False,1.38,2023-12-07,89.34311225074904,LOSS,4.0
NZDJPY,LONG,2024-03-04,91.60800170898438,90.11195718537532,94.60009075620249,673,False,False,-0.21,2024-03-28,90.11195718537532,LOSS,18.0
NZDJPY,LONG,2024-06-03,96.62799835205078,94.99670348836628,99.89058807941979,738,False,False,1.94,2024-07-17,94.99670348836628,LOSS,32.0
NZDJPY,SHORT,2024-08-15,88.3489990234375,91.6042633423103,81.83847038569189,791,False,False,-1.13,2024-09-02,91.6042633423103,LOSS,12.0
NZDJPY,SHORT,2024-09-20,89.08000183105469,92.29641337340675,82.64717874635056,817,False,False,0.24,2024-09-23,92.29641337340675,LOSS,1.0
NZDJPY,SHORT,2024-12-03,87.96299743652344,89.9584152825221,83.97216174452612,869,False,False,-2.17,2025-02-28,83.97216174452612,WIN,62.0
NZDJPY,SHORT,2025-03-04,83.7699966430664,85.69626048922692,79.91746895074539,933,False,False,-2.18,2025-03-17,85.69626048922692,LOSS,9.0
NZDJPY,LONG,2026-01-23,93.75900268554688,92.02146847395306,97.2340711087345,1162,False,False,2.94,2026-01-26,92.02146847395306,LOSS,1.0
NZDJPY,LONG,2026-01-29,92.83499908447266,90.85641648017227,96.79216429307343,1166,False,False,1.28,2026-03-31,90.85641648017227,LOSS,43.0
NZDJPY,LONG,2026-04-14,93.46600341796875,91.78514104270504,96.82772816849618,1219,False,False,1.36,2026-04-30,91.78514104270504,LOSS,12.0
NZDJPY,SHORT,2026-07-03,91.88999938964844,93.37755717155487,88.91488382583557,1277,False,False,-0.7,2026-07-09,93.37755717155487,LOSS,4.0
AUDCAD,LONG,2022-12-12,0.9259099960327148,0.9076523862897177,0.9624252155187092,353,False,False,2.33,2022-12-20,0.9076523862897177,LOSS,6.0
AUDCAD,LONG,2023-01-24,0.9398109912872314,0.9220797116743387,0.975273550513017,384,False,False,1.41,2023-02-13,0.9220797116743387,LOSS,14.0
AUDCAD,SHORT,2023-04-17,0.8964220285415649,0.913074718293948,0.8631166490367987,443,False,False,-1.12,2023-08-17,0.8631166490367987,WIN,88.0
AUDCAD,LONG,2024-02-21,0.8861100077629089,0.8749704812507075,0.9083890607873117,665,True,False,0.71,2024-05-15,0.9083890607873117,WIN,60.0
AUDCAD,LONG,2024-05-16,0.9106349945068359,0.8991246810777921,0.9336556213649236,726,False,False,2.0,2024-07-31,0.8991246810777921,LOSS,54.0
AUDCAD,LONG,2024-08-19,0.9126799702644348,0.8992174397014719,0.9396050313903606,793,False,False,0.82,2024-12-11,0.8992174397014719,LOSS,82.0
AUDCAD,SHORT,2025-04-23,0.8828139901161194,0.9039288566421951,0.8405842570639679,967,False,False,-0.07,2025-05-14,0.9039288566421951,LOSS,15.0
AUDCAD,LONG,2025-09-23,0.9125300049781799,0.9012812736818117,0.9350274675709165,1076,False,False,0.58,2026-01-21,0.9350274675709165,WIN,84.0
AUDCAD,LONG,2026-01-23,0.9428399801254272,0.9312370825489468,0.9660457752783882,1162,False,False,2.61,2026-02-11,0.9660457752783882,WIN,13.0
AUDCAD,LONG,2026-02-12,0.9670100212097168,0.9505246170210323,0.9999808295870858,1176,False,False,2.25,2026-03-09,0.9505246170210323,LOSS,17.0
AUDCHF,SHORT,2022-06-30,0.6563799977302551,0.6748853557661877,0.61936928165839,236,False,False,-2.13,2022-08-30,0.6748853557661877,LOSS,43.0
AUDCHF,SHORT,2022-09-21,0.6452249884605408,0.6595880684461929,0.6164988284892365,295,False,False,-1.52,2022-12-20,0.6164988284892365,WIN,64.0
AUDCHF,LONG,2023-03-29,0.6172540187835693,0.6029772053874848,0.6458076455757384,430,False,False,-0.31,2023-04-06,0.6029772053874848,LOSS,6.0
AUDCHF,LONG,2023-04-11,0.604174017906189,0.589525594512345,0.6334708646938769,439,False,False,-1.26,2023-04-25,0.589525594512345,LOSS,10.0
AUDCHF,SHORT,2023-04-27,0.5886629819869995,0.6016453895440048,0.5626981668729889,451,False,False,-2.14,2023-05-02,0.6016453895440048,LOSS,3.0
AUDCHF,SHORT,2023-05-04,0.5866950154304504,0.5998988650934662,0.5602873161044188,456,False,False,-1.77,2023-05-05,0.5998988650934662,LOSS,1.0
AUDCHF,LONG,2024-01-26,0.5706999897956848,0.5608043886206241,0.5904911921458063,647,False,False,-0.2,2024-03-21,0.5904911921458063,WIN,39.0
AUDCHF,LONG,2024-04-03,0.5913500189781189,0.581708136333535,0.6106337842672867,695,False,False,1.41,2024-04-19,0.581708136333535,LOSS,12.0
AUDCHF,LONG,2024-07-09,0.605368971824646,0.5969409591622277,0.6222249971494827,764,True,False,1.49,2024-07-17,0.5969409591622277,LOSS,6.0
AUDCHF,SHORT,2024-08-07,0.5554599761962891,0.5727274466518677,0.5209250352851318,785,False,False,-2.8,2024-08-12,0.5727274466518677,LOSS,3.0
AUDCHF,SHORT,2024-08-15,0.5708299875259399,0.5881172851014055,0.5362553923750089,791,False,False,-0.51,2025-04-04,0.5362553923750089,WIN,165.0
AUDCHF,SHORT,2025-04-25,0.5303999781608582,0.5499155262246738,0.49136888203322693,969,False,False,-0.02,2026-02-11,0.5499155262246738,LOSS,206.0
AUDNZD,SHORT,2022-10-11,1.1296199560165405,1.146447807838763,1.0959642523720956,309,False,False,-0.16,2022-11-01,1.0959642523720956,WIN,15.0
AUDNZD,SHORT,2022-11-02,1.093772053718567,1.1099820411273844,1.0613520789009319,325,False,False,-2.26,2022-12-05,1.0613520789009319,WIN,23.0
AUDNZD,SHORT,2022-12-13,1.0570119619369507,1.0723332365365794,1.0263694127376932,354,False,False,-2.16,2022-12-26,1.0723332365365794,LOSS,9.0
AUDNZD,LONG,2023-04-04,1.0771600008010864,1.0612721170252317,1.1089357683527958,434,True,False,0.13,2023-04-05,1.0612721170252317,LOSS,1.0
AUDNZD,SHORT,2024-02-06,1.070512056350708,1.0827778011596585,1.045980566732807,654,False,False,-0.75,2024-03-21,1.0827778011596585,LOSS,32.0
AUDNZD,LONG,2024-06-19,1.0846240520477295,1.0732684735953795,1.1073352089524295,750,False,False,0.59,2024-07-10,1.1073352089524295,WIN,15.0
AUDNZD,LONG,2024-07-11,1.1090500354766846,1.0974998463349517,1.1321504137601504,766,False,False,2.65,2024-07-31,1.0974998463349517,LOSS,14.0
AUDNZD,SHORT,2024-11-11,1.1035799980163574,1.116383462023997,1.0779730700010783,853,False,False,0.18,2024-11-22,1.116383462023997,LOSS,9.0
AUDNZD,LONG,2024-11-25,1.1155489683151245,1.1039590424177768,1.13872882010982,863,False,False,1.81,2024-11-27,1.1039590424177768,LOSS,2.0
AUDNZD,SHORT,2025-04-14,1.0796300172805786,1.094965258982667,1.0489595338764017,962,False,False,-1.57,2025-07-11,1.094965258982667,LOSS,62.0
AUDNZD,SHORT,2025-07-31,1.0911699533462524,1.0994300186909691,1.074649822656819,1038,False,False,0.27,2025-08-20,1.0994300186909691,LOSS,14.0
AUDNZD,LONG,2025-09-05,1.1146199703216553,1.1055670043971393,1.1327259021706872,1064,False,False,2.12,2025-09-24,1.1327259021706872,WIN,13.0
AUDNZD,LONG,2025-09-25,1.1322400569915771,1.1218839125423443,1.1529523458900428,1078,False,False,2.92,2025-11-07,1.1529523458900428,WIN,31.0
AUDNZD,LONG,2025-11-10,1.1554700136184692,1.1441519184065567,1.1781062040422943,1110,False,False,2.56,2025-11-26,1.1441519184065567,LOSS,12.0
AUDNZD,LONG,2026-01-12,1.166849970817566,1.1561516877135312,1.1882465370256354,1153,False,False,2.05,2026-01-20,1.1561516877135312,LOSS,6.0
AUDNZD,LONG,2026-01-22,1.1569900512695312,1.1450183819135036,1.1809333899815866,1161,False,False,-0.2,2026-02-19,1.1809333899815866,WIN,20.0
AUDNZD,LONG,2026-02-26,1.1865400075912476,1.1733971858306784,1.2128256511123858,1186,False,False,1.93,2026-03-17,1.2128256511123858,WIN,13.0
AUDNZD,LONG,2026-03-18,1.213379979133606,1.1980888738375075,1.2439621897258029,1200,False,False,2.52,2026-03-23,1.1980888738375075,LOSS,3.0
AUDNZD,LONG,2026-04-24,1.2179900407791138,1.2048153948745,1.2443393325883414,1227,False,False,1.25,2026-05-29,1.2048153948745,LOSS,25.0
NZDCAD,SHORT,2022-07-12,0.7953900098800659,0.8096014526060015,0.7669671244281948,244,False,False,-1.6,2022-08-01,0.8096014526060015,LOSS,14.0
NZDCAD,SHORT,2022-09-14,0.7903100252151489,0.804748750000726,0.7614325756439948,290,False,False,-1.36,2022-11-11,0.804748750000726,LOSS,42.0
NZDCAD,LONG,2022-11-16,0.8182629942893982,0.7994199321562764,0.8559491185556418,335,False,False,2.28,2022-12-01,0.8559491185556418,WIN,11.0
NZDCAD,LONG,2022-12-02,0.8556470274925232,0.8340699000657956,0.8988012823459783,347,False,True,3.02,2023-02-27,0.8340699000657956,LOSS,61.0
NZDCAD,SHORT,2023-06-08,0.8077399730682373,0.8237967628856702,0.7756263934333716,481,False,False,-2.31,2023-06-14,0.8237967628856702,LOSS,4.0
NZDCAD,LONG,2023-11-30,0.8364700078964233,0.8221858442297786,0.8650383352297129,606,False,False,1.9,2023-12-25,0.8221858442297786,LOSS,17.0
NZDCAD,LONG,2024-02-12,0.827210009098053,0.81520659840089,0.8512168304923788,658,False,False,0.5,2024-03-22,0.81520659840089,LOSS,29.0
NZDCAD,SHORT,2024-04-09,0.8188080191612244,0.8286807820310489,0.7990624934215753,699,False,False,0.24,2024-05-15,0.8286807820310489,LOSS,26.0
NZDCAD,LONG,2024-08-08,0.8231199979782104,0.8113959983087814,0.8465679973170686,786,False,False,-0.17,2024-08-29,0.8465679973170686,WIN,15.0
NZDCAD,SHORT,2024-09-12,0.8325170278549194,0.8450574286893829,0.8074362261859924,811,False,False,-0.44,2024-09-18,0.8450574286893829,LOSS,4.0
NZDCAD,SHORT,2024-09-24,0.8477969765663147,0.8600527261447628,0.8232854774094185,819,False,False,1.31,2024-09-30,0.8600527261447628,LOSS,4.0
NZDCAD,SHORT,2025-01-02,0.804639995098114,0.8190560029360445,0.775807979422253,890,False,False,-1.51,2025-01-24,0.8190560029360445,LOSS,16.0
NZDCAD,SHORT,2025-11-10,0.7900099754333496,0.8004392231997991,0.7691514799004506,1110,False,False,-2.28,2025-11-26,0.8004392231997991,LOSS,12.0
NZDCAD,LONG,2026-02-04,0.8237800002098083,0.8130664591363708,0.8452070823566835,1170,False,False,2.33,2026-03-02,0.8130664591363708,LOSS,18.0
NZDCAD,LONG,2026-04-01,0.799839973449707,0.7865682984466442,0.8263833234558327,1210,True,False,-0.38,2026-05-29,0.8263833234558327,WIN,42.0
NZDCHF,SHORT,2022-06-23,0.6029000282287598,0.618985073446803,0.5707299377926733,231,False,False,-2.18,2022-09-20,0.5707299377926733,WIN,63.0
NZDCHF,SHORT,2022-09-21,0.5687100291252136,0.5829228533748152,0.5402843806260105,295,False,False,-2.42,2022-11-01,0.5829228533748152,LOSS,29.0
NZDCHF,SHORT,2022-11-22,0.5843899846076965,0.5992780971892516,0.5546137594445864,339,False,False,0.61,2022-12-01,0.5992780971892516,LOSS,7.0
NZDCHF,LONG,2022-12-05,0.59961998462677,0.5849078162295541,0.6290443214212018,348,False,False,1.72,2022-12-20,0.5849078162295541,LOSS,11.0
NZDCHF,SHORT,2023-04-24,0.5478100180625916,0.5602579439159922,0.5229141663557904,448,False,False,-2.22,2023-05-05,0.5602579439159922,LOSS,9.0
NZDCHF,SHORT,2023-07-24,0.5342100262641907,0.5462367538641811,0.5101565710642098,513,False,False,-1.94,2023-09-28,0.5462367538641811,LOSS,48.0
NZDCHF,LONG,2024-02-21,0.5438100099563599,0.5356422971712367,0.5601454355266062,665,False,False,2.12,2024-02-28,0.5356422971712367,LOSS,5.0
NZDCHF,LONG,2024-03-04,0.5390599966049194,0.5300915312426655,0.5569969273294273,673,False,False,0.21,2024-04-19,0.5300915312426655,LOSS,34.0
NZDCHF,LONG,2024-05-28,0.5617600083351135,0.5541164066445138,0.577047211716313,734,False,False,2.63,2024-05-30,0.5541164066445138,LOSS,2.0
NZDCHF,LONG,2024-06-04,0.5542500019073486,0.5454878421224162,0.5717743214772135,739,False,False,0.25,2024-06-14,0.5454878421224162,LOSS,8.0
NZDCHF,SHORT,2024-07-31,0.5199999809265137,0.5298594124071304,0.5002811179652802,780,False,False,-2.85,2024-08-05,0.5002811179652802,WIN,3.0
NZDCHF,SHORT,2024-08-12,0.5184699892997742,0.5331879801283382,0.48903400764264604,788,False,False,-0.75,2024-09-24,0.5331879801283382,LOSS,31.0
NZDCHF,SHORT,2024-10-29,0.5176500082015991,0.5261977276314456,0.5005545693419062,844,False,False,-1.36,2024-11-07,0.5261977276314456,LOSS,7.0
NZDCHF,SHORT,2024-12-27,0.505299985408783,0.5157551798477867,0.4843895965307754,887,False,False,-1.25,2025-01-24,0.5157551798477867,LOSS,19.0
NZDCHF,SHORT,2025-07-15,0.47633999586105347,0.4854639867055141,0.4580920141721322,1026,False,False,-1.41,2025-10-10,0.4580920141721322,WIN,63.0
NZDCHF,SHORT,2025-11-21,0.4502600133419037,0.45882293814787845,0.43313416372995417,1119,False,False,-0.96,2025-11-26,0.45882293814787845,LOSS,3.0
NZDCHF,LONG,2026-03-25,0.45989999175071716,0.45112864218521476,0.477442690881722,1205,False,False,-0.18,,,OPEN,
CADCHF,SHORT,2022-06-23,0.7418199777603149,0.7615366108316107,0.7023867116177234,231,True,False,-1.71,2022-11-28,0.7023867116177234,WIN,112.0
CADCHF,SHORT,2022-11-29,0.7034100294113159,0.7184725231672012,0.6732850418995453,344,False,False,-1.61,2023-03-10,0.6732850418995453,WIN,73.0
CADCHF,LONG,2023-08-10,0.6534900069236755,0.6429311002092228,0.6746078203525809,526,False,False,-0.74,2023-09-22,0.6746078203525809,WIN,31.0
CADCHF,LONG,2023-09-28,0.6819900274276733,0.6721578572231106,0.7016543678367988,561,True,True,3.42,2023-10-02,0.6721578572231106,LOSS,2.0
CADCHF,LONG,2023-10-04,0.6717900037765503,0.6610440191549362,0.6932819730197786,565,True,False,0.73,2023-10-13,0.6610440191549362,LOSS,7.0
CADCHF,LONG,2023-11-10,0.654009997844696,0.6450820468366366,0.6718658998608149,592,True,False,-0.43,2023-11-16,0.6450820468366366,LOSS,4.0
CADCHF,LONG,2023-12-01,0.6451699733734131,0.636533321136553,0.6624432778471332,607,False,False,-0.77,2023-12-28,0.636533321136553,LOSS,19.0
CADCHF,LONG,2024-03-27,0.6653199791908264,0.6560374277020051,0.683885082168469,690,False,False,2.12,2024-04-19,0.6560374277020051,LOSS,17.0
CADCHF,LONG,2024-06-28,0.6558499932289124,0.6474313053041589,0.6726873690784192,757,False,False,0.44,2024-07-17,0.6474313053041589,LOSS,13.0
CADCHF,SHORT,2024-07-26,0.6372299790382385,0.6476087470266033,0.616472443061509,777,False,False,-2.53,2024-08-05,0.616472443061509,WIN,6.0
CADCHF,SHORT,2024-08-15,0.6305699944496155,0.6442819773727014,0.6031460286034436,791,False,False,-0.56,2025-04-04,0.6031460286034436,WIN,165.0
CADCHF,LONG,2025-04-08,0.6036900281906128,0.5892324178520963,0.6326052488676457,958,False,False,-1.42,2025-04-09,0.5892324178520963,LOSS,1.0
CADCHF,SHORT,2025-04-17,0.5870599746704102,0.6046014006682413,0.5519771226747479,965,False,False,-1.77,2025-05-12,0.6046014006682413,LOSS,15.0
CADCHF,SHORT,2025-07-02,0.5795199871063232,0.5894341291790549,0.5596917029608599,1017,False,False,-2.38,2025-08-11,0.5894341291790549,LOSS,28.0
CADCHF,LONG,2026-02-17,0.5643799901008606,0.5562618098004304,0.580616350701721,1179,False,False,-0.9,2026-07-28,0.580616350701721,WIN,115.0
USDSEK,SHORT,2022-07-26,10.18235969543457,10.561283428127206,9.424512230049299,254,False,False,-0.66,2022-08-19,10.561283428127206,LOSS,18.0
USDSEK,LONG,2022-08-23,10.70680046081543,10.359549749706202,11.401301883033884,274,False,False,2.18,2022-09-26,11.401301883033884,WIN,24.0
USDSEK,LONG,2022-10-06,10.921870231628418,10.510099866296827,11.7454109622916,306,False,False,-0.1,2022-10-25,10.510099866296827,LOSS,13.0
USDSEK,LONG,2023-06-06,10.84490966796875,10.602793230134637,11.329142543636976,479,False,False,1.71,2023-06-15,10.602793230134637,LOSS,7.0
USDSEK,LONG,2023-09-14,11.128890037536621,10.883283253068514,11.620103606472835,551,False,False,1.17,2023-09-29,10.883283253068514,LOSS,11.0
USDSEK,SHORT,2023-11-27,10.446550369262695,10.70558391190128,9.928483283985525,603,False,False,-1.95,2023-12-25,9.928483283985525,WIN,20.0
USDSEK,SHORT,2023-12-28,9.928019523620605,10.19348160347655,9.397095363908715,626,False,False,-2.31,2024-01-02,10.19348160347655,LOSS,3.0
USDSEK,LONG,2024-04-08,10.648870468139648,10.411955701420244,11.122700001578458,698,False,False,0.81,2024-06-03,10.411955701420244,LOSS,40.0
USDSEK,SHORT,2024-08-14,10.451669692993164,10.729607155290825,9.895794768397842,790,False,False,-0.96,2024-09-06,9.895794768397842,WIN,17.0
USDSEK,LONG,2024-11-26,11.04977035522461,10.778592775078526,11.592125515516777,864,False,False,1.48,2024-12-25,10.778592775078526,LOSS,21.0
USDSEK,SHORT,2025-03-12,10.009209632873535,10.321783417987996,9.384062062644613,939,False,True,-3.06,2025-05-07,9.384062062644613,WIN,38.0
USDSEK,SHORT,2025-05-30,9.547900199890137,9.91622151075604,8.81125757815833,994,False,False,-0.59,2026-01-27,8.81125757815833,WIN,170.0
USDSEK,SHORT,2026-02-09,8.9993896484375,9.209173580120087,8.579821785072326,1173,False,False,-0.21,2026-03-03,9.209173580120087,LOSS,16.0
USDSEK,LONG,2026-06-24,9.734390258789062,9.520713097088393,10.161744582190401,1270,False,False,2.51,2026-07-30,9.520713097088393,LOSS,26.0
USDNOK,SHORT,2022-07-05,9.816929817199707,10.159296373148514,9.132196705302093,239,False,False,0.09,2022-07-06,10.159296373148514,LOSS,1.0
USDNOK,SHORT,2022-07-08,10.070329666137695,10.420871268984861,9.369246460443364,242,False,False,1.12,2022-09-22,10.420871268984861,LOSS,54.0
USDNOK,SHORT,2023-03-29,10.354559898376465,10.719636919965536,9.624405855198322,430,True,False,-0.67,2023-04-28,10.719636919965536,LOSS,22.0
USDNOK,SHORT,2023-07-25,10.05465030670166,10.395493235126214,9.372964449852553,514,False,False,-1.55,2023-08-11,10.395493235126214,LOSS,13.0
USDNOK,SHORT,2024-01-02,10.13821029663086,10.457264651518123,9.500101586856331,629,False,False,-1.65,2024-01-16,10.457264651518123,LOSS,10.0
USDNOK,LONG,2024-12-25,11.35669994354248,11.039441566078237,11.991216698470968,885,False,False,1.0,2025-01-28,11.039441566078237,LOSS,23.0
USDNOK,SHORT,2025-03-18,10.54010009765625,10.803568501440562,10.013163290087626,943,False,False,-2.75,2025-04-07,10.803568501440562,LOSS,14.0
USDNOK,SHORT,2025-04-29,10.33590030670166,10.693718471601091,9.620263976902798,971,False,False,-1.23,2026-01-27,9.620263976902798,WIN,193.0
USDNOK,SHORT,2026-04-28,9.276820182800293,9.46254367770453,8.905373192991817,1229,False,False,-1.73,2026-06-08,9.46254367770453,LOSS,29.0
USDNOK,LONG,2026-07-08,9.805870056152344,9.621403841622657,10.174802485211718,1280,False,False,0.89,2026-07-20,9.621403841622657,LOSS,8.0
EURSEK,SHORT,2022-07-12,10.66392993927002,10.84551903688207,10.300751744045918,244,False,False,-0.08,2022-09-05,10.300751744045918,WIN,39.0
EURSEK,LONG,2022-12-16,11.000100135803223,10.619903311345453,11.760493784718761,357,False,False,0.56,2023-06-20,11.760493784718761,WIN,132.0
EURSEK,LONG,2023-07-04,11.832030296325684,11.640731927061536,12.21462703485398,499,False,False,1.52,2023-07-12,11.640731927061536,LOSS,6.0
EURSEK,SHORT,2023-10-10,11.581609725952148,11.771041869445497,11.20274543896545,569,False,False,-1.22,2023-10-24,11.771041869445497,LOSS,10.0
EURSEK,SHORT,2023-11-16,11.434220314025879,11.620861236269876,11.060938469537884,596,False,False,-2.3,2023-12-21,11.060938469537884,WIN,25.0
EURSEK,SHORT,2024-02-07,11.29345989227295,11.483276130623361,10.913827415572126,655,False,False,-0.06,2024-03-27,11.483276130623361,LOSS,35.0
EURSEK,LONG,2024-04-08,11.532730102539062,11.37254795651521,11.853094394586769,698,False,False,1.27,2024-06-03,11.37254795651521,LOSS,40.0
EURSEK,LONG,2024-07-02,11.39663028717041,11.222069933747164,11.745750994016902,759,True,False,0.78,2024-07-25,11.745750994016902,WIN,17.0
EURSEK,SHORT,2024-08-19,11.504260063171387,11.717407884144677,11.077964421224806,793,False,False,-0.24,2024-11-06,11.077964421224806,WIN,57.0
EURSEK,SHORT,2024-11-22,11.587200164794922,11.869234711506872,11.023131071371022,862,False,False,0.23,2025-03-04,11.023131071371022,WIN,71.0
EURSEK,SHORT,2025-03-07,10.95713996887207,11.11139834484041,10.648623216935391,936,False,False,-2.71,2025-04-11,11.11139834484041,LOSS,25.0
EURSEK,LONG,2025-07-01,11.139840126037598,10.97397690329413,11.471566571524534,1016,False,False,1.35,2025-09-05,10.97397690329413,LOSS,48.0
EURSEK,LONG,2025-09-25,11.039019584655762,10.920614630705533,11.27582949255622,1078,True,False,0.3,2025-10-22,10.920614630705533,LOSS,19.0
EURSEK,SHORT,2026-01-06,10.751999855041504,10.864902812586177,10.526193939952158,1149,False,False,-1.68,2026-01-30,10.526193939952158,WIN,18.0
EURSEK,SHORT,2026-02-04,10.511619567871094,10.646903763107495,10.24105117739829,1170,False,False,-1.87,2026-02-05,10.646903763107495,LOSS,1.0
EURSEK,LONG,2026-04-13,10.88949966430664,10.700031120791579,11.268436751336765,1218,False,False,0.52,,,OPEN,
EURNOK,SHORT,2022-08-04,9.869139671325684,10.087411416081817,9.432596181813416,261,False,False,-1.85,2022-09-14,10.087411416081817,LOSS,29.0
EURNOK,SHORT,2022-10-14,10.335370063781738,10.620653621992636,9.764802947359943,312,False,False,0.0,2023-01-03,10.620653621992636,LOSS,57.0
EURNOK,LONG,2023-02-15,10.88290023803711,10.619851424724178,11.408997864662972,400,False,False,0.27,2023-03-13,11.408997864662972,WIN,18.0
EURNOK,LONG,2023-03-14,11.321049690246582,11.07549660280713,11.812155865125487,419,False,False,1.9,2023-04-28,11.812155865125487,WIN,33.0
EURNOK,LONG,2023-05-03,11.89780044555664,11.663642363166389,12.366116610337144,455,False,False,2.62,2023-05-05,11.663642363166389,LOSS,2.0
EURNOK,LONG,2023-05-31,12.001500129699707,11.75160109143921,12.5012982062207,475,False,False,1.99,2023-06-08,11.75160109143921,LOSS,6.0
EURNOK,SHORT,2023-07-25,11.126870155334473,11.418553786429616,10.543502893144186,514,False,False,-1.91,2023-08-11,11.418553786429616,LOSS,13.0
EURNOK,SHORT,2023-11-16,11.723259925842285,11.948197083376842,11.273385610773172,596,False,False,-0.61,2023-12-19,11.273385610773172,WIN,23.0
EURNOK,LONG,2024-05-01,11.85593032836914,11.680747277039035,12.206296431029351,715,False,False,1.74,2024-05-03,11.680747277039035,LOSS,2.0
EURNOK,LONG,2024-05-08,11.740400314331055,11.55585054034852,12.109499862296126,720,False,False,0.28,2024-05-21,11.55585054034852,LOSS,9.0
EURNOK,SHORT,2025-01-23,11.739089965820312,11.934617188252064,11.34803552095681,905,False,False,0.09,2025-03-25,11.34803552095681,WIN,43.0
EURNOK,SHORT,2025-03-26,11.347379684448242,11.518499150993511,11.005140751357704,949,False,False,-2.42,2025-04-04,11.518499150993511,LOSS,7.0
EURNOK,SHORT,2025-05-01,11.780200004577637,12.078580555409957,11.183438902912997,973,False,False,-0.16,2026-03-02,11.183438902912997,WIN,215.0
EURNOK,SHORT,2026-04-28,10.87660026550293,11.05526674264993,10.519267311208928,1229,False,False,-1.77,2026-06-12,11.05526674264993,LOSS,33.0
EURNOK,LONG,2026-07-08,11.180159568786621,11.014259871235092,11.511958963889679,1280,False,False,0.45,2026-07-20,11.014259871235092,LOSS,8.0
USDMXN,SHORT,2023-01-23,18.857770919799805,19.25648159283524,18.060349573728935,383,False,False,-1.2,2023-02-06,19.25648159283524,LOSS,10.0
USDMXN,SHORT,2023-03-09,17.97075080871582,18.367959634155845,17.17633315783577,416,False,False,-1.83,2023-03-10,18.367959634155845,LOSS,1.0
USDMXN,SHORT,2023-03-13,18.31702995300293,18.871162528345717,17.208764802317354,418,False,False,-0.05,2023-03-14,18.871162528345717,LOSS,1.0
USDMXN,SHORT,2023-06-22,17.11750030517578,17.437002458980906,16.47849599756553,491,False,False,-1.44,2023-09-06,17.437002458980906,LOSS,54.0
USDMXN,LONG,2023-09-19,17.11669921875,16.716270433688823,17.917556788872353,554,False,False,-0.1,2023-10-03,17.917556788872353,WIN,10.0
USDMXN,LONG,2023-10-06,18.278139114379883,17.68837218848744,19.457672966164772,567,False,False,2.61,2023-11-02,17.68837218848744,LOSS,19.0
USDMXN,LONG,2023-12-05,17.454099655151367,17.009667174378794,18.342964616696513,609,False,False,0.38,2023-12-22,17.009667174378794,LOSS,13.0
USDMXN,SHORT,2024-04-09,16.314300537109375,16.575549419639035,15.791802772050055,699,False,False,-2.47,2024-04-12,16.575549419639035,LOSS,3.0
USDMXN,SHORT,2024-05-10,16.779499053955078,17.194152872133973,15.950191417597289,722,False,False,-0.61,2024-06-03,17.194152872133973,LOSS,16.0
USDMXN,LONG,2024-06-21,18.34238052368164,17.72046431063555,19.586212949773824,752,False,False,1.29,2024-07-11,17.72046431063555,LOSS,14.0
USDMXN,LONG,2024-08-07,19.58378028869629,18.828213204770123,21.094914456548622,785,False,False,2.69,2024-08-09,18.828213204770123,LOSS,2.0
USDMXN,LONG,2024-08-15,18.81170082092285,18.066108489105492,20.30288548455757,791,False,False,0.19,2024-11-05,20.30288548455757,WIN,58.0
USDMXN,SHORT,2026-02-04,17.238399505615234,17.575452080638488,16.564294355568727,1170,False,False,-1.7,2026-03-03,17.575452080638488,LOSS,19.0
USDZAR,SHORT,2022-07-28,16.66699981689453,17.24582422298279,15.509351004718013,256,True,False,-0.19,2022-09-01,17.24582422298279,LOSS,25.0
USDZAR,LONG,2022-09-21,17.688100814819336,17.136090633053378,18.792121178351252,295,False,False,1.52,2022-10-05,17.136090633053378,LOSS,10.0
USDZAR,SHORT,2023-03-13,18.197200775146484,18.84096159024663,16.909679144946196,418,False,False,0.22,2023-05-10,18.84096159024663,LOSS,42.0
USDZAR,LONG,2023-05-18,19.233299255371094,18.562819958190037,20.574257849733208,466,False,False,1.79,2023-06-12,18.562819958190037,LOSS,17.0
USDZAR,SHORT,2023-07-25,17.725130081176758,18.375045290033572,16.42529966346313,514,False,False,-1.62,2023-08-02,18.375045290033572,LOSS,6.0
USDZAR,SHORT,2024-05-22,18.050399780273438,18.491380385227778,17.168438570364756,730,False,False,-1.79,2024-05-24,18.491380385227778,LOSS,2.0
USDZAR,SHORT,2024-05-28,18.301300048828125,18.74557402869741,17.412752089089558,734,False,False,-0.53,2024-05-30,18.74557402869741,LOSS,2.0
USDZAR,SHORT,2024-09-27,17.175500869750977,17.57306937756655,16.380363854119828,822,False,False,-2.02,2024-10-04,17.57306937756655,LOSS,5.0
USDZAR,LONG,2024-12-27,18.835800170898438,18.088455090831825,20.330490331031662,887,False,False,1.65,2025-01-15,18.088455090831825,LOSS,12.0
USDZAR,LONG,2025-02-03,18.99449920654297,17.78017435377361,21.423148912081686,912,False,False,0.86,2025-05-29,17.78017435377361,LOSS,81.0
USDZAR,SHORT,2025-12-31,16.58547019958496,16.83508245537043,16.086245688014024,1146,False,False,-1.81,2026-01-23,16.086245688014024,WIN,16.0
USDZAR,SHORT,2026-02-04,15.931839942932129,16.354085176979684,15.08734947483702,1170,False,False,-1.17,2026-02-06,16.354085176979684,LOSS,2.0
USDTRY,SHORT,2022-06-23,17.342599868774414,17.678488577400138,16.670822451522966,231,False,False,2.81,2022-06-27,16.670822451522966,WIN,2.0
USDTRY,SHORT,2022-07-11,17.2716007232666,17.751632142265713,16.31153788526838,243,False,False,1.44,2022-07-22,17.751632142265713,LOSS,9.0
USDTRY,SHORT,2022-09-28,18.442899703979492,18.603438794902452,18.121821522133573,300,False,False,2.15,2022-10-05,18.603438794902452,LOSS,5.0
USDTRY,SHORT,2022-10-18,18.54891014099121,18.723554695614073,18.199621031745487,314,False,False,0.79,2022-12-27,18.723554695614073,LOSS,50.0
USDTRY,SHORT,2023-01-30,18.798599243164062,18.963034478820987,18.469728771850214,388,False,False,0.49,2023-03-08,18.963034478820987,LOSS,27.0
USDTRY,SHORT,2023-05-02,19.452049255371094,19.548286558816184,19.259574648480914,454,False,False,2.3,2023-05-10,19.548286558816184,LOSS,6.0
USDTRY,SHORT,2023-05-12,19.565799713134766,19.67463745407099,19.348124231262318,462,False,False,2.43,2023-05-15,19.67463745407099,LOSS,1.0
USDTRY,LONG,2023-06-08,23.295530319213867,22.477112751541437,24.932365454558727,481,False,True,6.52,2023-06-23,24.932365454558727,WIN,11.0
USDTRY,LONG,2023-07-05,25.978099822998047,24.956184936923457,28.021929595147228,500,False,True,3.16,2023-10-18,28.021929595147228,WIN,75.0
USDTRY,SHORT,2023-11-10,28.525800704956055,28.859327699793603,27.858746715280958,592,False,False,2.09,2023-11-17,28.859327699793603,LOSS,5.0
USDTRY,SHORT,2023-11-27,28.842559814453125,29.15411377144796,28.219451900463454,603,False,False,1.9,2023-12-21,29.15411377144796,LOSS,18.0
USDTRY,SHORT,2023-12-22,29.10354995727539,29.42032035446657,28.470009162893035,622,True,False,1.17,2023-12-28,29.42032035446657,LOSS,4.0
USDTRY,SHORT,2024-02-05,30.300920486450195,30.61242239281541,29.677916673719764,653,False,False,1.16,2024-02-06,30.61242239281541,LOSS,1.0
USDTRY,SHORT,2024-02-08,30.59149932861328,30.922793083309948,29.928911819219948,656,False,False,2.19,2024-02-20,30.922793083309948,LOSS,8.0
USDTRY,SHORT,2024-02-27,31.115520477294922,31.39323332029144,30.560094791301886,669,False,False,2.87,2024-03-01,31.39323332029144,LOSS,3.0
USDTRY,SHORT,2024-04-02,32.26240158081055,32.81296293115205,31.16127888012754,694,False,False,0.78,2024-04-12,32.81296293115205,LOSS,8.0
USDTRY,SHORT,2024-04-18,32.47119903564453,33.05338223676511,31.306832633403374,706,True,False,0.87,2024-04-19,33.05338223676511,LOSS,1.0
USDTRY,SHORT,2024-04-23,32.56460189819336,33.23968636157532,31.21443297142943,709,True,False,0.77,2024-08-02,33.23968636157532,LOSS,73.0
USDTRY,SHORT,2024-09-06,33.98500061035156,34.42808128076103,33.09883926953263,807,False,False,0.71,2024-11-18,34.42808128076103,LOSS,51.0
USDTRY,SHORT,2025-01-16,35.472900390625,35.70638907097991,35.00592302991518,900,False,False,1.87,2025-01-27,35.70638907097991,LOSS,7.0
USDTRY,SHORT,2025-01-29,35.702980041503906,35.91615033960446,35.276639445302806,909,False,False,2.1,2025-02-03,35.91615033960446,LOSS,3.0
USDTRY,LONG,2025-02-11,35.99263000488281,35.76392609390155,36.45003782684533,918,False,False,2.25,2025-02-21,36.45003782684533,WIN,8.0
USDTRY,LONG,2025-02-25,36.454341888427734,36.23431058740855,36.8944044904661,928,False,True,3.39,2025-03-19,36.8944044904661,WIN,16.0
USDTRY,LONG,2025-03-21,37.94593811035156,37.02106746001472,39.79567941102525,946,False,False,2.64,2025-06-27,39.79567941102525,WIN,68.0
USDTRY,LONG,2025-07-15,40.226898193359375,39.95327172050821,40.7741511390617,1026,False,False,2.82,2025-08-11,40.7741511390617,WIN,19.0
USDTRY,SHORT,2025-09-02,41.14289855957031,41.321795183565634,40.78510531157967,1061,False,False,2.87,2025-09-12,41.321795183565634,LOSS,8.0
USDTRY,SHORT,2025-09-23,41.39189910888672,41.543884405793136,41.087928515073884,1076,False,False,2.35,2025-09-26,41.543884405793136,LOSS,3.0
USDTRY,SHORT,2025-09-29,41.56108856201172,41.7430055392392,41.19725460755676,1080,False,False,2.79,2025-10-10,41.7430055392392,LOSS,9.0
USDTRY,SHORT,2025-11-05,42.071998596191406,42.23596987582033,41.74405603693356,1107,False,False,2.12,2025-11-12,42.23596987582033,LOSS,5.0
USDTRY,SHORT,2025-12-10,42.549400329589844,42.71941362785372,42.209373733062094,1132,True,False,1.83,2025-12-17,42.71941362785372,LOSS,5.0
USDTRY,SHORT,2026-02-03,43.47489929199219,43.611609174325785,43.20147952732499,1169,False,True,3.1,2026-02-06,43.611609174325785,LOSS,3.0
USDTRY,SHORT,2026-02-09,43.46875,43.72981754921627,42.94661490156746,1173,False,False,0.95,2026-02-13,43.72981754921627,LOSS,4.0
USDTRY,SHORT,2026-02-16,43.69063186645508,43.921309242046775,43.229277115271685,1178,False,False,1.96,2026-02-27,43.921309242046775,LOSS,9.0
USDTRY,LONG,2026-05-25,45.72740173339844,45.53813584352443,46.105933513146454,1248,False,True,3.91,2026-06-08,46.105933513146454,WIN,10.0
USDTRY,LONG,2026-06-09,46.10660171508789,45.94604240148961,46.427720342284445,1259,False,True,4.26,2026-06-18,46.427720342284445,WIN,7.0
USDTRY,LONG,2026-07-24,47.31679916381836,47.17448560618083,47.60142627909342,1292,False,True,5.49,,,OPEN,
USDPLN,SHORT,2022-07-26,4.618800163269043,4.7917045273112455,4.272991435184638,254,False,False,-0.15,2022-08-22,4.7917045273112455,LOSS,19.0
USDPLN,SHORT,2023-04-27,4.14769983291626,4.244642813269064,3.9538138722106506,451,False,False,-1.87,2023-05-31,4.244642813269064,LOSS,24.0
USDPLN,LONG,2023-09-07,4.257999897003174,4.141891584607549,4.490216521794423,546,False,False,2.33,2023-11-06,4.141891584607549,LOSS,42.0
USDPLN,LONG,2023-12-12,4.025599956512451,3.9386704448205596,4.199458979896234,614,True,False,-0.04,2023-12-14,3.9386704448205596,LOSS,2.0
USDPLN,LONG,2024-04-29,4.033904075622559,3.941810121181838,4.2180919845039995,713,False,False,0.39,2024-05-14,3.941810121181838,LOSS,11.0
USDPLN,LONG,2024-09-04,3.872390031814575,3.800806923717252,4.015556248009221,805,False,False,-0.15,2024-09-25,3.800806923717252,LOSS,15.0
USDPLN,LONG,2024-11-04,4.003219127655029,3.940229203004428,4.129198976956232,848,False,False,0.99,2024-11-14,4.129198976956232,WIN,8.0
USDPLN,LONG,2024-11-22,4.147564888000488,4.044669239822983,4.3533561843554995,862,False,False,1.82,2024-12-05,4.044669239822983,LOSS,9.0
USDPLN,LONG,2024-12-31,4.107069969177246,4.031129024885339,4.25895185776106,889,False,False,0.7,2025-01-24,4.031129024885339,LOSS,17.0
USDPLN,SHORT,2025-03-12,3.840749979019165,3.9470978807235486,3.628054175610398,939,False,False,-1.81,2025-06-26,3.628054175610398,WIN,74.0
USDPLN,LONG,2026-03-19,3.726799964904785,3.6382828955923925,3.9038341035295705,1201,False,False,1.55,2026-04-08,3.6382828955923925,LOSS,14.0
USDPLN,LONG,2026-07-01,3.764859914779663,3.7028941687472243,3.8887914068445406,1275,False,False,1.73,,,OPEN,
USDHUF,SHORT,2022-06-29,377.2200012207031,390.38283652316284,350.8943306157837,235,False,False,0.4,2022-07-05,390.38283652316284,LOSS,4.0
USDHUF,SHORT,2022-07-25,389.0899963378906,407.6605040644894,351.9489808846931,253,False,False,-0.21,2022-08-22,407.6605040644894,LOSS,20.0
USDHUF,LONG,2022-08-23,411.6000061035156,393.1475549619556,448.50490838663563,274,False,False,1.9,2022-09-09,393.1475549619556,LOSS,13.0
USDHUF,LONG,2022-09-30,428.5,409.0074046612676,467.48519067746474,302,False,False,1.78,2022-10-26,409.0074046612676,LOSS,18.0
USDHUF,SHORT,2022-12-26,375.6210021972656,388.95062383041085,348.9617589309752,363,False,False,-1.63,2023-03-29,348.9617589309752,WIN,67.0
USDHUF,LONG,2023-09-28,373.5299987792969,363.3146116185065,393.96077310087765,561,False,False,2.36,2023-10-12,363.3146116185065,LOSS,10.0
USDHUF,LONG,2023-12-01,348.8559875488281,340.0137503775127,366.540461891459,607,False,False,-0.24,2024-03-22,366.540461891459,WIN,80.0
USDHUF,SHORT,2024-11-08,374.3940124511719,382.9338800559927,357.31427724153025,852,True,False,0.6,2024-11-11,382.9338800559927,LOSS,1.0
USDHUF,LONG,2024-11-18,386.25,376.1626664913239,406.42466701735225,858,False,False,1.72,2025-01-13,406.42466701735225,WIN,39.0
USDHUF,SHORT,2025-03-10,366.2619934082031,376.95813327374964,344.8697136771101,937,False,False,-2.72,2025-06-12,344.8697136771101,WIN,66.0
USDHUF,LONG,2026-02-25,320.8900146484375,314.92714829530735,332.8157473546978,1185,False,False,-0.06,2026-03-03,332.8157473546978,WIN,4.0
USDHUF,LONG,2026-03-13,339.31201171875,325.7049223369885,366.526190482273,1197,False,False,1.58,2026-04-08,325.7049223369885,LOSS,18.0
USDHUF,LONG,2026-05-05,310.656005859375,300.9183296678923,330.1313582423404,1234,False,False,-0.7,2026-05-08,300.9183296678923,LOSS,3.0
USDHUF,LONG,2026-05-13,304.18798828125,294.2920556502711,323.9798535432078,1240,False,False,-1.05,,,OPEN,
USDILS,SHORT,2022-08-09,3.306299924850464,3.3859314571692787,3.1470368602128342,264,False,False,-2.36,2022-09-01,3.3859314571692787,LOSS,17.0
USDILS,SHORT,2022-10-17,3.545030117034912,3.6457782658636604,3.3435338193774156,313,False,False,0.52,2023-02-21,3.6457782658636604,LOSS,91.0
USDILS,LONG,2023-05-30,3.7274999618530273,3.658463820086288,3.865572245386506,474,False,False,1.55,2023-06-07,3.658463820086288,LOSS,6.0
USDILS,LONG,2023-10-13,3.9664299488067627,3.8839694593963343,4.1313509276276195,572,False,False,2.41,2023-11-06,3.8839694593963343,LOSS,16.0
USDILS,SHORT,2024-02-01,3.637700080871582,3.726779714214085,3.4595408141865764,651,False,False,-1.36,2024-04-03,3.726779714214085,LOSS,44.0
USDILS,LONG,2024-08-06,3.823050022125244,3.7283594702567537,4.012431125862225,784,False,False,2.3,2024-08-09,3.7283594702567537,LOSS,3.0
USDILS,LONG,2024-08-13,3.7728099822998047,3.668342817405779,3.981744312087856,789,False,False,0.66,2024-08-16,3.668342817405779,LOSS,3.0
USDILS,SHORT,2024-12-10,3.5630300045013428,3.6388297974625834,3.4114304185788615,874,False,False,-2.52,2024-12-19,3.6388297974625834,LOSS,7.0
USDILS,LONG,2025-04-07,3.741189956665039,3.649466430275414,3.9246370094442895,957,False,False,1.43,2025-04-23,3.649466430275414,LOSS,10.0
USDILS,LONG,2025-06-06,3.490880012512207,3.4039322118640305,3.66477561380856,999,True,False,-1.22,2025-06-13,3.66477561380856,WIN,5.0
USDILS,SHORT,2025-07-04,3.337559938430786,3.439442697579979,3.133794420132401,1019,False,False,-2.0,2025-08-05,3.439442697579979,LOSS,22.0
USDILS,SHORT,2026-01-06,3.1526100635528564,3.206594900211536,3.0446403902354975,1149,False,False,-1.82,2026-04-10,3.0446403902354975,WIN,68.0
USDILS,SHORT,2026-06-01,2.80049991607666,2.8631689932832125,2.6751617616635555,1253,False,False,-2.98,2026-06-03,2.8631689932832125,LOSS,2.0
USDILS,LONG,2026-07-24,3.072000026702881,3.0055235444954915,3.2049529911176595,1292,False,False,1.69,2026-08-04,3.0055235444954915,LOSS,7.0
SGDJPY,SHORT,2022-07-01,97.66699981689453,99.99219303707376,93.01661337653607,237,True,False,0.75,2022-09-02,99.99219303707376,LOSS,45.0
SGDJPY,SHORT,2022-11-24,101.18699645996094,103.56229770561825,96.43639396864631,341,False,False,-1.29,2022-12-26,96.43639396864631,WIN,22.0
SGDJPY,SHORT,2023-01-02,97.5250015258789,101.34834512925212,89.87831431913247,368,False,False,-1.05,2023-02-28,101.34834512925212,LOSS,41.0
SGDJPY,SHORT,2023-03-24,98.5459976196289,101.04327546497734,93.55144192893204,427,False,False,-0.78,2023-04-20,101.04327546497734,LOSS,19.0
SGDJPY,LONG,2023-06-19,106.02130126953125,104.33728520824975,109.38933339209424,488,False,False,2.77,2023-07-12,104.33728520824975,LOSS,17.0
SGDJPY,LONG,2023-08-08,106.13600158691406,103.21671250795421,111.97457974483376,524,False,False,0.15,2023-10-03,103.21671250795421,LOSS,40.0
SGDJPY,LONG,2023-11-01,110.48899841308594,108.87706867591726,113.7128578874233,585,False,False,1.49,2023-12-07,108.87706867591726,LOSS,26.0
SGDJPY,SHORT,2023-12-14,107.11599731445312,109.20236156395987,102.94326881543964,616,False,False,-2.34,2023-12-25,102.94326881543964,WIN,7.0
SGDJPY,SHORT,2023-12-28,107.1500015258789,109.9350748142974,101.57985494904193,626,False,False,-0.76,2024-01-17,109.9350748142974,LOSS,14.0
SGDJPY,SHORT,2024-03-12,110.29900360107422,112.42804164686191,106.04092750949883,679,False,False,-0.83,2024-03-20,112.42804164686191,LOSS,6.0
SGDJPY,LONG,2024-04-16,113.12999725341797,111.773673986357,115.84264378753991,704,False,False,1.06,2024-04-26,111.773673986357,LOSS,8.0
SGDJPY,LONG,2024-05-01,115.54399871826172,112.3911079675562,121.84978021967277,715,False,False,1.15,2024-07-31,112.3911079675562,LOSS,65.0
SGDJPY,SHORT,2024-08-15,111.81999969482422,114.9527850726328,105.55442893920704,791,True,False,-0.6,2024-10-23,114.9527850726328,LOSS,49.0
SGDJPY,SHORT,2024-11-06,115.2750015258789,117.09411627878914,111.63677202005843,850,False,False,0.71,2024-12-02,111.63677202005843,WIN,18.0
SGDJPY,LONG,2024-12-17,114.2030029296875,112.08245679106422,118.44409520693407,879,False,False,0.74,2024-12-25,112.08245679106422,LOSS,6.0
SGDJPY,SHORT,2025-02-26,111.61100006103516,113.74011572894568,107.3527687252141,929,False,False,-1.3,2025-04-09,107.3527687252141,WIN,30.0
SGDJPY,SHORT,2025-04-11,108.16999816894531,111.17162000981325,102.16675448720943,961,False,False,-1.49,2025-05-02,111.17162000981325,LOSS,13.0
SGDJPY,LONG,2026-01-20,123.04409790039062,121.58887684018268,125.95454002080652,1159,False,False,1.23,2026-01-26,121.58887684018268,LOSS,4.0
SGDJPY,SHORT,2026-05-08,123.53350067138672,125.18618104528777,120.22813992358462,1237,False,False,-0.78,2026-06-29,125.18618104528777,LOSS,36.0
HKDJPY,SHORT,2022-07-06,17.270580291748047,17.661584626217127,16.488571622809886,240,True,False,0.69,2022-07-14,17.661584626217127,LOSS,6.0
HKDJPY,SHORT,2022-07-18,17.6202392578125,17.997608590655933,16.865500592125635,248,True,False,1.54,2022-08-01,16.865500592125635,WIN,10.0
HKDJPY,SHORT,2022-08-05,16.894569396972656,17.375561389473162,15.932585411971644,262,False,False,-1.31,2022-08-19,17.375561389473162,LOSS,10.0
HKDJPY,SHORT,2022-09-29,18.396249771118164,18.844010398662054,17.500728516030385,301,True,False,1.1,2022-10-14,18.844010398662054,LOSS,11.0
HKDJPY,SHORT,2022-11-29,17.752180099487305,18.29958552512096,16.657369248219993,344,False,False,-1.36,2023-01-03,16.657369248219993,WIN,25.0
HKDJPY,SHORT,2023-01-20,16.39299964904785,16.95231514797002,15.274368651203517,382,False,False,-1.44,2023-02-14,16.95231514797002,LOSS,17.0
HKDJPY,SHORT,2023-03-16,16.936180114746094,17.418117798120544,15.972304747997192,421,False,False,-0.95,2023-05-01,17.418117798120544,LOSS,32.0
HKDJPY,LONG,2023-05-26,17.868900299072266,17.502537718107313,18.601625461002172,472,False,False,2.28,2023-08-14,18.601625461002172,WIN,56.0
HKDJPY,LONG,2023-10-03,19.133670806884766,18.887762795561166,19.625486829531965,564,False,False,1.78,2023-11-21,18.887762795561166,LOSS,35.0
HKDJPY,SHORT,2023-12-14,18.275880813598633,18.75475821666025,17.3181260074754,616,False,False,-2.31,2024-01-16,18.75475821666025,LOSS,23.0
HKDJPY,SHORT,2024-02-28,19.233539581298828,19.478640728350832,18.74333728719482,670,False,False,1.06,2024-03-08,18.74333728719482,WIN,7.0
HKDJPY,LONG,2024-04-16,19.691999435424805,19.44090235005908,20.194193606156254,704,False,False,2.49,2024-04-29,20.194193606156254,WIN,9.0
HKDJPY,LONG,2024-05-01,20.162019729614258,19.818932496976682,20.84819419488941,715,False,False,2.56,2024-05-02,19.818932496976682,LOSS,1.0
HKDJPY,LONG,2024-05-07,19.72715950012207,19.323314990769145,20.53484851882792,719,False,False,0.04,2024-06-26,20.53484851882792,WIN,36.0
HKDJPY,LONG,2024-07-02,20.672639846801758,20.397411561369026,21.22309641766722,759,False,False,2.53,2024-07-11,20.397411561369026,LOSS,7.0
HKDJPY,SHORT,2024-08-15,18.897199630737305,19.476260580283324,17.739077731645267,791,False,False,-1.28,2024-10-23,19.476260580283324,LOSS,49.0
HKDJPY,SHORT,2024-11-06,19.4854793548584,19.893947104427276,18.668543855720642,850,False,False,0.45,2024-11-07,19.893947104427276,LOSS,1.0
HKDJPY,SHORT,2024-11-11,19.66423988342285,20.097465459981166,18.797788730306223,853,False,False,0.86,2024-11-15,20.097465459981166,LOSS,4.0
HKDJPY,SHORT,2024-11-18,19.862199783325195,20.322010096707327,18.94257915656093,858,True,False,0.94,2024-12-26,20.322010096707327,LOSS,28.0
HKDJPY,LONG,2024-12-27,20.30678939819336,19.875906342227044,21.16855551012599,887,False,False,1.96,2025-01-27,19.875906342227044,LOSS,20.0
HKDJPY,SHORT,2025-04-29,18.33016014099121,18.81012334571975,17.370233731534135,971,False,False,-1.33,2025-05-12,18.81012334571975,LOSS,9.0
HKDJPY,LONG,2025-11-21,20.21837043762207,19.891124354808678,20.872862603248855,1119,False,False,2.35,2025-12-01,19.891124354808678,LOSS,6.0
HKDJPY,SHORT,2026-05-15,20.2189998626709,20.53230578715828,19.592388013696137,1242,False,False,0.25,2026-06-18,20.53230578715828,LOSS,24.0
HKDJPY,SHORT,2026-07-13,20.649080276489258,20.841572589276186,20.2640956509154,1283,False,False,0.4,2026-07-23,20.841572589276186,LOSS,8.0
ZARJPY,SHORT,2022-07-12,8.023200035095215,8.356887042212938,7.355826020859769,244,False,False,-1.49,2022-09-12,8.356887042212938,LOSS,44.0
ZARJPY,LONG,2023-06-16,7.680099964141846,7.400781100860301,8.238737690704935,487,True,False,2.46,2023-11-15,8.238737690704935,WIN,108.0
ZARJPY,LONG,2024-05-17,8.546099662780762,8.322044004285146,8.994210979771992,727,False,False,1.82,2024-05-31,8.322044004285146,LOSS,10.0
ZARJPY,LONG,2024-06-24,8.872400283813477,8.620146053563587,9.376908744313255,753,False,False,2.44,2024-07-17,8.620146053563587,LOSS,17.0
ZARJPY,SHORT,2024-09-16,7.935999870300293,8.192856127362123,7.422287356176632,813,False,False,-1.03,2024-09-19,8.192856127362123,LOSS,3.0
ZARJPY,SHORT,2024-11-11,8.668800354003906,8.92735622247837,8.15168861705498,853,True,False,0.46,2025-02-03,8.15168861705498,WIN,59.0
ZARJPY,SHORT,2025-04-11,7.368299961090088,7.718457703344606,6.6679844765810525,961,False,False,-2.85,2025-05-01,7.718457703344606,LOSS,12.0
ZARJPY,LONG,2026-01-12,9.577099800109863,9.390908255621788,9.949482889086013,1153,False,False,1.99,2026-03-06,9.390908255621788,LOSS,39.0
ZARJPY,SHORT,2026-03-26,9.376299858093262,9.688628342010775,8.751642890258235,1206,False,False,-0.77,2026-04-08,9.688628342010775,LOSS,9.0
MXNJPY,LONG,2022-10-28,7.369999885559082,7.188247379948269,7.733504896780708,322,False,False,0.38,2022-11-11,7.188247379948269,LOSS,10.0
MXNJPY,SHORT,2022-12-12,6.906599998474121,7.1037164503436605,6.512367094735042,353,False,False,-1.99,2023-02-13,7.1037164503436605,LOSS,45.0
MXNJPY,SHORT,2023-03-16,6.992099761962891,7.331512286314945,6.313274713258782,421,False,False,-1.79,2023-03-30,7.331512286314945,LOSS,10.0
MXNJPY,SHORT,2023-04-03,7.386600017547607,7.698537322272573,6.762725408097676,433,False,False,1.05,2023-05-12,7.698537322272573,LOSS,29.0
MXNJPY,LONG,2023-06-02,7.897721767425537,7.670102420850438,8.352960460575735,477,False,False,1.13,2023-06-23,8.352960460575735,WIN,15.0
MXNJPY,LONG,2023-06-29,8.437582015991211,8.24032144612423,8.832103155725171,496,False,False,2.57,2023-07-07,8.24032144612423,LOSS,6.0
MXNJPY,SHORT,2024-03-01,8.800000190734863,8.918011816500728,8.563976939203133,672,False,False,0.86,2024-03-15,8.918011816500728,LOSS,10.0
MXNJPY,LONG,2024-04-01,9.142504692077637,8.993760753290118,9.439992569652674,693,False,False,2.38,2024-04-19,8.993760753290118,LOSS,14.0
MXNJPY,LONG,2024-05-17,9.313400268554688,9.079496490535414,9.781207824593235,727,False,False,1.04,2024-06-03,9.079496490535414,LOSS,11.0
MXNJPY,SHORT,2024-07-25,8.378800392150879,8.744841085352792,7.646719005747052,776,False,False,-2.17,2024-08-05,7.646719005747052,WIN,7.0
MXNJPY,SHORT,2024-08-07,7.386499881744385,7.89283904012357,6.373821564986015,785,False,True,-3.38,2024-08-15,7.89283904012357,LOSS,6.0
MXNJPY,SHORT,2024-08-20,7.855800151824951,8.324600110579283,6.918200234316288,794,False,False,-0.62,2025-04-09,6.918200234316288,WIN,165.0
MXNJPY,LONG,2025-07-14,7.889800071716309,7.730486466335147,8.208427282478631,1025,False,False,2.09,2025-10-07,8.208427282478631,WIN,61.0
MXNJPY,LONG,2025-10-17,8.143199920654297,7.958576905428005,8.51244595110688,1094,False,False,0.06,2025-11-19,8.51244595110688,WIN,23.0
MXNJPY,LONG,2026-01-16,8.981599807739258,8.81457601976202,9.315647383693733,1157,False,False,2.73,2026-01-29,8.81457601976202,LOSS,9.0
MXNJPY,SHORT,2026-05-01,8.989087104797363,9.175143147838611,8.616975018714868,1232,False,False,-1.29,2026-05-13,9.175143147838611,LOSS,8.0
TRYJPY,SHORT,2022-07-29,7.484000205993652,7.737114635392649,6.9777713471956595,257,False,False,-2.4,2022-09-06,7.737114635392649,LOSS,27.0
TRYJPY,LONG,2022-09-08,7.9029998779296875,7.6902061085384865,8.32858741671209,286,False,False,2.4,2022-09-22,7.6902061085384865,LOSS,10.0
TRYJPY,LONG,2022-09-27,7.816999912261963,7.592176635936367,8.266646464913155,299,False,False,0.44,2022-11-11,7.592176635936367,LOSS,33.0
TRYJPY,LONG,2022-12-16,7.380000114440918,7.1357099604864365,7.868580422349881,357,False,False,-0.21,2022-12-20,7.1357099604864365,LOSS,2.0
TRYJPY,LONG,2022-12-23,7.081999778747559,6.809872476865947,7.626254382510782,362,False,False,-1.71,2023-01-13,6.809872476865947,LOSS,15.0
TRYJPY,SHORT,2023-01-20,6.823999881744385,7.069541228072985,6.332917189087185,382,False,False,-1.35,2023-02-15,7.069541228072985,LOSS,18.0
TRYJPY,SHORT,2023-03-23,6.88100004196167,7.103036251888686,6.436927622107637,426,True,False,-1.49,2023-05-12,6.436927622107637,WIN,36.0
TRYJPY,LONG,2023-05-19,6.99399995803833,6.74913915698458,7.483721560145831,467,False,False,0.57,2023-05-25,6.74913915698458,LOSS,4.0
TRYJPY,LONG,2023-05-29,7.0269999504089355,6.668863332375498,7.743273186475811,473,False,False,0.48,2023-05-31,6.668863332375498,LOSS,2.0
TRYJPY,SHORT,2023-06-21,5.97599983215332,6.3107085025680885,5.306582491323784,490,True,False,-1.72,2023-07-12,5.306582491323784,WIN,15.0
TRYJPY,SHORT,2023-09-18,5.460999965667725,5.656372382190504,5.070255132622165,553,False,False,0.17,2023-11-29,5.070255132622165,WIN,52.0
TRYJPY,LONG,2024-01-11,4.857999801635742,4.713466697892464,5.147066009122298,636,False,False,-0.12,2024-02-02,4.713466697892464,LOSS,16.0
TRYJPY,LONG,2024-02-26,4.8379998207092285,4.722275678387033,5.069448105353619,668,False,False,-0.32,2024-03-04,4.722275678387033,LOSS,5.0
TRYJPY,LONG,2024-04-02,4.690000057220459,4.540605868396917,4.988788434867542,694,False,False,0.08,2024-04-19,4.540605868396917,LOSS,13.0
TRYJPY,LONG,2024-04-23,4.742000102996826,4.595705124326607,5.034590060337264,709,False,False,0.28,2024-07-25,4.595705124326607,LOSS,67.0
TRYJPY,SHORT,2024-11-08,4.456999778747559,4.574597044210836,4.221805247821004,852,False,False,0.79,2025-02-06,4.221805247821004,WIN,63.0
TRYJPY,SHORT,2025-03-31,3.933000087738037,4.075062933704339,3.648874395805434,952,False,False,-1.13,2025-05-26,3.648874395805434,WIN,38.0
TRYJPY,SHORT,2025-05-30,3.6630001068115234,3.77249722035925,3.4440058797160704,994,False,False,-1.04,2026-04-30,3.4440058797160704,WIN,237.0
TRYJPY,SHORT,2026-05-01,3.470088005065918,3.530090668898807,3.35008267740014,1232,False,False,-2.59,2026-07-30,3.35008267740014,WIN,64.0
TRYJPY,SHORT,2026-07-31,3.362942934036255,3.423606758949772,3.241615284209221,1297,False,False,-2.6,,,OPEN,
PLNJPY,SHORT,2022-07-13,28.459999084472656,29.690872453977907,25.998252345462156,245,False,False,-1.94,2022-07-19,29.690872453977907,LOSS,4.0
PLNJPY,SHORT,2022-07-21,29.511999130249023,30.710803493251706,27.114390404243657,251,False,False,0.07,2022-09-09,30.710803493251706,LOSS,36.0
PLNJPY,LONG,2022-11-07,31.06800079345703,30.13565441983508,32.93269354070093,328,False,False,1.07,2022-11-16,30.13565441983508,LOSS,7.0
PLNJPY,LONG,2023-05-01,32.69900131225586,31.85295583450574,34.3910922677561,453,False,False,2.51,2023-06-15,34.3910922677561,WIN,33.0
PLNJPY,LONG,2023-06-16,34.472999572753906,33.62506438925339,36.16886993975494,487,False,False,2.52,2023-09-12,33.62506438925339,LOSS,62.0
PLNJPY,SHORT,2023-12-06,36.715999603271484,37.49557843465408,35.1568419405063,610,True,False,-0.27,2024-01-02,35.1568419405063,WIN,19.0
PLNJPY,SHORT,2024-01-10,36.29399871826172,39.00788538740996,30.866225379965243,635,False,False,0.42,2024-04-29,39.00788538740996,LOSS,78.0
PLNJPY,LONG,2024-05-27,39.97700119018555,39.16315826428254,41.60468704199155,733,False,False,1.74,2024-06-04,39.16315826428254,LOSS,6.0
PLNJPY,LONG,2024-07-09,40.80500030517578,39.96504805929105,42.484904796945244,764,False,False,2.08,2024-07-17,39.96504805929105,LOSS,6.0
PLNJPY,SHORT,2024-08-07,36.667999267578125,38.06950909586332,33.86497961100774,785,False,False,-2.83,2024-08-15,38.06950909586332,LOSS,6.0
PLNJPY,SHORT,2024-09-12,36.59199905395508,37.60017558138946,34.57564599908632,811,False,False,-1.61,2024-09-20,37.60017558138946,LOSS,6.0
PLNJPY,SHORT,2024-12-09,37.09700012207031,38.06993541662951,35.15112953295191,873,False,False,-0.37,2024-12-16,38.06993541662951,LOSS,5.0
PLNJPY,LONG,2025-07-09,40.54199981689453,39.82084587635589,41.984307697971815,1022,False,False,2.59,2025-07-31,39.82084587635589,LOSS,16.0
PLNJPY,LONG,2025-10-31,41.952999114990234,41.30173723967005,43.25552286563061,1104,False,False,1.32,2025-11-05,41.30173723967005,LOSS,3.0
PLNJPY,LONG,2025-11-20,42.814998626708984,42.104937735068034,44.235120409990884,1118,False,False,2.17,2026-01-22,44.235120409990884,WIN,43.0
PLNJPY,SHORT,2026-05-01,43.24399948120117,44.03783415122381,41.65633014115589,1232,False,False,-1.29,2026-08-03,41.65633014115589,WIN,66.0
