pair,direction,entry_date,entry_price,stop_loss,take_profit,entry_bar,rsi_divergence,adx_strong,exit_date,exit_price,outcome,bars_held
EURUSD,SHORT,2025-11-11,1.1557220220565796,1.1688578833623753,1.1294502994449882,1111,False,False,2025-12-11,1.1688578833623753,LOSS,22.0
EURUSD,SHORT,2026-01-20,1.1639139652252197,1.1755278421064177,1.1406862114628238,1159,True,False,2026-01-23,1.1755278421064177,LOSS,3.0
EURUSD,SHORT,2026-02-26,1.181516408920288,1.1953977756408611,1.153753675479142,1186,False,False,2026-03-03,1.153753675479142,WIN,3.0
EURUSD,SHORT,2026-03-23,1.1560158729553223,1.1755482306304723,1.1169511576050222,1203,False,True,2026-04-14,1.1755482306304723,LOSS,16.0
EURUSD,SHORT,2026-05-29,1.1652837991714478,1.1776139356522943,1.1406235262097546,1252,False,False,2026-06-23,1.1406235262097546,WIN,17.0
EURUSD,SHORT,2026-07-10,1.1433405876159668,1.1554923983869836,1.1190369660739332,1282,False,True,2026-08-03,1.1554923983869836,LOSS,16.0
GBPUSD,SHORT,2022-07-22,1.1996161937713623,1.2278116798705743,1.1432252215729384,252,False,True,2022-08-01,1.2278116798705743,LOSS,6.0
GBPUSD,SHORT,2022-08-18,1.2045146226882935,1.2312369871690987,1.151069893726683,271,False,False,2022-09-01,1.151069893726683,WIN,10.0
GBPUSD,LONG,2023-02-02,1.2390038967132568,1.2147956426678108,1.2874204048041489,391,False,False,2023-02-03,1.2147956426678108,LOSS,1.0
GBPUSD,LONG,2023-03-15,1.215214490890503,1.184811599531608,1.2760202736082928,420,False,False,2023-06-15,1.2760202736082928,WIN,66.0
GBPUSD,LONG,2023-07-21,1.2872332334518433,1.2632921942640907,1.3351153118273484,512,False,True,2023-08-03,1.2632921942640907,LOSS,9.0
GBPUSD,SHORT,2023-08-30,1.2636793851852417,1.2839302426385457,1.2231776702786337,540,False,False,2023-09-25,1.2231776702786337,WIN,18.0
GBPUSD,SHORT,2023-10-10,1.2250398397445679,1.2449007598271185,1.1853179995794667,569,False,True,2023-11-14,1.2449007598271185,LOSS,25.0
GBPUSD,LONG,2024-01-02,1.2728800773620605,1.2527507189730431,1.3131387941400954,629,False,True,2024-02-05,1.2527507189730431,LOSS,24.0
GBPUSD,LONG,2024-02-28,1.268166422843933,1.2535322781505258,1.2974347122307477,670,False,False,2024-04-10,1.2535322781505258,LOSS,30.0
GBPUSD,SHORT,2024-04-25,1.2459505796432495,1.2646206835642568,1.2086103718012349,711,False,False,2024-05-15,1.2646206835642568,LOSS,14.0
GBPUSD,LONG,2024-07-29,1.2868356704711914,1.2726803793724484,1.3151462526686775,778,False,False,2024-08-02,1.2726803793724484,LOSS,4.0
GBPUSD,LONG,2024-09-10,1.307138204574585,1.2899457414240147,1.3415231308757254,809,False,True,2024-09-25,1.3415231308757254,WIN,11.0
GBPUSD,LONG,2024-10-03,1.326611876487732,1.30542276367138,1.3689901021204358,826,False,True,2024-10-10,1.30542276367138,LOSS,5.0
GBPUSD,SHORT,2024-12-02,1.270163893699646,1.2917752615754754,1.2269411579479872,868,False,True,2025-01-09,1.2269411579479872,WIN,27.0
GBPUSD,SHORT,2025-01-24,1.2353914976119995,1.2611331806994104,1.1839081314371778,906,False,False,2025-02-14,1.2611331806994104,LOSS,15.0
GBPUSD,LONG,2025-04-01,1.292089819908142,1.2749937940609262,1.326281871602574,953,False,True,2025-04-07,1.2749937940609262,LOSS,4.0
GBPUSD,LONG,2025-05-12,1.3289036750793457,1.304053405123414,1.378604214991209,980,False,True,2025-07-01,1.378604214991209,WIN,36.0
GBPUSD,LONG,2025-07-07,1.3651504516601562,1.3439140342250977,1.4076232865302734,1020,False,False,2025-07-14,1.3439140342250977,LOSS,5.0
GBPUSD,LONG,2025-08-20,1.348679542541504,1.329648707416031,1.3867412127924497,1052,False,False,2025-10-09,1.329648707416031,LOSS,36.0
GBPUSD,SHORT,2025-11-26,1.315870761871338,1.3333330294363417,1.2809462267413303,1122,False,True,2025-12-03,1.3333330294363417,LOSS,5.0
GBPUSD,SHORT,2026-01-16,1.3381328582763672,1.3543304728003402,1.305737629228421,1157,False,False,2026-01-23,1.3543304728003402,LOSS,5.0
GBPUSD,LONG,2026-02-09,1.3608959913253784,1.3381254714390205,1.4064370310980943,1173,False,True,2026-03-02,1.3381254714390205,LOSS,15.0
GBPUSD,SHORT,2026-05-27,1.345532774925232,1.3637805075782783,1.3090373096191392,1250,True,False,,,OPEN,
USDJPY,LONG,2025-12-01,155.92799377441406,153.5527662607915,160.67844880165921,1125,False,True,2026-01-26,153.5527662607915,LOSS,38.0
USDCHF,SHORT,2024-09-30,0.840499997138977,0.8549977934923128,0.8115044044323056,823,False,True,2024-10-04,0.8549977934923128,LOSS,4.0
USDCHF,LONG,2024-12-02,0.8820269703865051,0.86914572331408,0.9077894645313553,868,False,True,2024-12-25,0.9077894645313553,WIN,17.0
USDCHF,LONG,2025-11-11,0.8051599860191345,0.7938965526660922,0.8276868527252192,1111,False,False,2025-11-13,0.7938965526660922,LOSS,2.0
USDCHF,LONG,2025-11-27,0.8034899830818176,0.7915405763005466,0.8273887966443596,1123,False,False,2025-12-23,0.7915405763005466,LOSS,18.0
USDCHF,LONG,2026-01-13,0.7973600029945374,0.7874982300618092,0.8170835488599937,1154,False,False,2026-01-23,0.7874982300618092,LOSS,8.0
USDCHF,LONG,2026-04-30,0.7905600070953369,0.7779283371390434,0.8158233470079239,1231,False,False,2026-05-01,0.7779283371390434,LOSS,1.0
USDCHF,LONG,2026-05-27,0.7851099967956543,0.7748011561632323,0.8057276780604983,1250,True,False,2026-06-19,0.8057276780604983,WIN,17.0
USDCHF,LONG,2026-07-03,0.8044099807739258,0.7933547132472931,0.8265205158271911,1277,False,True,,,OPEN,
AUDUSD,LONG,2024-02-26,0.6565384864807129,0.6456175834180463,0.678380292606046,668,True,False,2024-04-15,0.6456175834180463,LOSS,35.0
AUDUSD,SHORT,2025-01-16,0.6235401034355164,0.6369498557640099,0.5967205987785293,900,False,True,2025-02-17,0.6369498557640099,LOSS,22.0
AUDUSD,LONG,2025-05-12,0.642091691493988,0.6251661441051432,0.6759427862716778,980,False,False,2026-01-07,0.6759427862716778,WIN,170.0
AUDUSD,LONG,2026-01-14,0.6683598756790161,0.6592055661715797,0.686668494693889,1155,False,False,2026-01-23,0.686668494693889,WIN,7.0
AUDUSD,LONG,2026-03-03,0.710580050945282,0.6950684646020893,0.7416032236316674,1189,False,True,2026-03-23,0.6950684646020893,LOSS,14.0
AUDUSD,SHORT,2026-07-13,0.6942197680473328,0.703271921505541,0.6761154611309164,1283,False,True,2026-07-31,0.703271921505541,LOSS,14.0
USDCAD,LONG,2025-11-10,1.404379963874817,1.390848104439791,1.4314436827448689,1110,False,True,2025-12-05,1.390848104439791,LOSS,19.0
USDCAD,SHORT,2026-02-23,1.3648500442504883,1.3800128776168301,1.3345243775178046,1183,False,False,2026-03-25,1.3800128776168301,LOSS,22.0
USDCAD,LONG,2026-07-14,1.4149399995803833,1.4028874045916484,1.439045189557853,1284,False,True,2026-07-16,1.4028874045916484,LOSS,2.0
NZDUSD,SHORT,2025-02-04,0.5626797080039978,0.5745423082592672,0.538954507493459,913,False,False,2025-02-17,0.5745423082592672,LOSS,9.0
NZDUSD,LONG,2025-05-12,0.5920698046684265,0.575957497055595,0.6242944198940896,980,False,False,2025-09-26,0.575957497055595,LOSS,99.0
NZDUSD,SHORT,2025-10-27,0.5760199427604675,0.5841630319379215,0.5597337644055596,1100,False,True,2025-11-20,0.5597337644055596,WIN,18.0
NZDUSD,SHORT,2026-01-08,0.5773905515670776,0.5861018687913915,0.55996791711845,1151,True,False,2026-01-21,0.5861018687913915,LOSS,9.0
NZDUSD,LONG,2026-02-23,0.6003986597061157,0.5889579388337718,0.6232801014508036,1183,False,False,2026-03-03,0.5889579388337718,LOSS,6.0
NZDUSD,LONG,2026-04-13,0.5804302096366882,0.5678431975505958,0.6056042338088732,1218,False,True,2026-06-23,0.5678431975505958,LOSS,51.0
NZDUSD,SHORT,2026-07-09,0.5715788006782532,0.5814466330835238,0.5518431358677118,1281,False,True,2026-07-14,0.5814466330835238,LOSS,3.0
EURJPY,SHORT,2023-12-20,157.9969940185547,161.81422069509776,150.36254066546854,620,False,True,2023-12-25,150.36254066546854,WIN,3.0
EURJPY,LONG,2024-04-22,164.80999755859375,162.47468867639878,169.48061532298368,708,False,False,2024-04-29,169.48061532298368,WIN,5.0
EURJPY,LONG,2025-11-10,177.56300354003906,175.02976551415628,182.62947959180462,1110,False,False,2025-12-09,182.62947959180462,WIN,21.0
EURJPY,LONG,2026-01-06,183.47999572753906,181.27898240685172,187.88202236891374,1149,False,False,2026-02-12,181.27898240685172,LOSS,27.0
EURJPY,SHORT,2026-03-17,182.9499969482422,185.46747273039733,177.9150453839319,1199,False,False,2026-04-09,185.46747273039733,LOSS,17.0
EURJPY,SHORT,2026-05-13,185.0279998779297,187.66417145569312,179.75565672240282,1240,False,True,2026-08-03,179.75565672240282,WIN,58.0
EURGBP,SHORT,2023-03-27,0.8794999718666077,0.8928642384064852,0.8527714387868526,428,False,False,2023-06-16,0.8527714387868526,WIN,59.0
EURGBP,SHORT,2024-12-25,0.8289999961853027,0.8453996194703378,0.7962007496152326,885,False,False,2025-01-15,0.8453996194703378,LOSS,14.0
EURGBP,SHORT,2025-12-22,0.8751299977302551,0.8826045272122324,0.8601809387663006,1140,False,False,2026-07-01,0.8601809387663006,WIN,135.0
EURGBP,SHORT,2026-07-23,0.8531699776649475,0.859954014429118,0.8396019041366065,1291,False,False,,,OPEN,
EURAUD,SHORT,2024-02-26,1.6479400396347046,1.667389468181039,1.6090411825420357,668,False,False,2024-02-28,1.667389468181039,LOSS,2.0
EURAUD,SHORT,2024-12-02,1.6215300559997559,1.6456065209002242,1.5733771261988192,868,False,False,2024-12-06,1.6456065209002242,LOSS,4.0
EURAUD,SHORT,2025-11-11,1.7684099674224854,1.7949799685897967,1.7152699650878627,1111,False,False,2025-11-25,1.7949799685897967,LOSS,10.0
EURAUD,SHORT,2025-12-12,1.7618199586868286,1.7848539221015824,1.715752031857321,1134,False,False,2026-01-23,1.715752031857321,WIN,28.0
EURAUD,SHORT,2026-04-10,1.6522400379180908,1.676110305280772,1.6044995031927285,1217,False,True,,,OPEN,
EURCAD,LONG,2023-04-06,1.46697998046875,1.4433629333855986,1.5142140746350528,436,False,False,2023-06-02,1.4433629333855986,LOSS,41.0
EURCAD,LONG,2024-01-15,1.467650055885315,1.450905753114701,1.501138661426543,638,False,False,2024-01-30,1.450905753114701,LOSS,11.0
EURCAD,SHORT,2025-11-10,1.6210700273513794,1.6388120432040418,1.5855859956460545,1110,False,False,2026-03-03,1.5855859956460545,WIN,79.0
EURCAD,SHORT,2026-03-23,1.5848300457000732,1.6061729338375128,1.5421442694251941,1203,False,True,2026-03-31,1.6061729338375128,LOSS,6.0
EURCAD,LONG,2026-06-24,1.6167900562286377,1.6022905004853503,1.6457891677152126,1270,False,False,2026-07-17,1.6022905004853503,LOSS,17.0
EURCAD,LONG,2026-08-03,1.6174900531768799,1.6042597841282227,1.6439505912741943,1298,False,False,,,OPEN,
EURCHF,LONG,2022-12-13,0.9864000082015991,0.9732606392749282,1.012678746054941,354,False,False,2023-03-13,0.9732606392749282,LOSS,64.0
EURCHF,SHORT,2025-12-31,0.9300600290298462,0.9362593338639327,0.9176614193616732,1146,False,False,2026-01-27,0.9176614193616732,WIN,18.0
EURCHF,SHORT,2026-04-23,0.9186499714851379,0.9265623623431092,0.9028251897691955,1226,False,True,2026-06-22,0.9265623623431092,LOSS,42.0
EURCHF,LONG,2026-06-29,0.9222400188446045,0.9155866838085455,0.9355466889167225,1273,False,False,,,OPEN,
EURNZD,SHORT,2023-01-23,1.676200032234192,1.7129823562184534,1.6026353842656689,383,False,False,2023-02-17,1.7129823562184534,LOSS,19.0
EURNZD,LONG,2023-07-03,1.780400037765503,1.7475133064438373,1.8461735004088342,498,False,False,2023-12-06,1.7475133064438373,LOSS,112.0
EURNZD,SHORT,2024-02-13,1.7575600147247314,1.7825228150661727,1.707634414041849,659,False,False,2024-02-29,1.7825228150661727,LOSS,12.0
EURNZD,LONG,2025-12-19,2.029910087585449,2.00434071543225,2.081048831891848,1139,False,False,2026-01-20,2.00434071543225,LOSS,20.0
EURNZD,SHORT,2026-02-19,1.9752600193023682,2.0041665141867706,1.9174470295335633,1181,False,True,2026-03-30,2.0041665141867706,LOSS,27.0
EURNZD,SHORT,2026-04-21,1.9944000244140625,2.0180042155350817,1.9471916421720241,1224,False,False,2026-05-29,1.9471916421720241,WIN,28.0
EURNZD,SHORT,2026-06-03,1.962249994277954,1.9928977465585094,1.9009544897168436,1255,False,False,2026-06-11,1.9928977465585094,LOSS,6.0
GBPJPY,SHORT,2023-12-20,183.16400146484375,187.59757501322306,174.29685436808512,620,True,False,2024-01-17,187.59757501322306,LOSS,20.0
GBPJPY,LONG,2026-03-03,210.8730010986328,206.89248472808362,218.8340338397312,1189,False,False,2026-07-16,218.8340338397312,WIN,97.0
GBPAUD,SHORT,2025-11-10,2.0207700729370117,2.053085241550913,1.9561397357092094,1110,False,False,2026-01-29,1.9561397357092094,WIN,56.0
GBPAUD,SHORT,2026-03-20,1.8958100080490112,1.9284404126557886,1.8305491988354565,1202,False,True,2026-03-26,1.9284404126557886,LOSS,4.0
GBPAUD,SHORT,2026-04-14,1.9036400318145752,1.9306052933418358,1.849709508760054,1219,False,False,2026-07-02,1.9306052933418358,LOSS,57.0
GBPAUD,LONG,2026-07-15,1.9201799631118774,1.8994004026983695,1.9617390839388933,1285,False,True,,,OPEN,
GBPCAD,LONG,2024-06-19,1.7429800033569336,1.7276050486921677,1.7737299126864654,750,False,False,2024-07-15,1.7737299126864654,WIN,18.0
GBPCAD,SHORT,2025-12-11,1.84607994556427,1.8705491496743014,1.7971415373442072,1133,False,False,2026-01-12,1.8705491496743014,LOSS,20.0
GBPCAD,SHORT,2026-02-17,1.858139991760254,1.8788288820738044,1.816762211133153,1179,False,False,2026-03-09,1.816762211133153,WIN,14.0
GBPCAD,SHORT,2026-03-18,1.8284900188446045,1.851344056687004,1.7827819431598053,1200,False,True,2026-03-25,1.851344056687004,LOSS,5.0
GBPCAD,SHORT,2026-04-30,1.843500018119812,1.8621121871365192,1.8062756800863977,1231,False,False,2026-05-08,1.8621121871365192,LOSS,6.0
GBPCAD,SHORT,2026-05-20,1.8410600423812866,1.8638105487733363,1.7955590295971873,1245,False,False,2026-05-25,1.8638105487733363,LOSS,3.0
GBPCAD,LONG,2026-07-21,1.8899199962615967,1.8681369390884472,1.9334861106078955,1289,False,False,,,OPEN,
GBPCHF,LONG,2023-03-27,1.125,1.1064001544178623,1.1621996911642754,428,True,False,2023-04-21,1.1064001544178623,LOSS,19.0
GBPCHF,SHORT,2024-08-27,1.1173900365829468,1.1383105359675652,1.07554903781371,799,False,True,2024-12-17,1.1383105359675652,LOSS,80.0
GBPCHF,SHORT,2025-11-11,1.0604300498962402,1.0722320025464676,1.0368261445957856,1111,False,False,2025-11-14,1.0368261445957856,WIN,3.0
GBPCHF,SHORT,2025-12-19,1.062399983406067,1.0742380927922268,1.038723764633747,1139,False,False,2026-01-06,1.0742380927922268,LOSS,10.0
GBPCHF,LONG,2026-03-17,1.0491600036621094,1.0366291677337862,1.0742216755187557,1199,False,True,2026-07-01,1.0742216755187557,WIN,76.0
GBPNZD,SHORT,2022-06-20,1.9328500032424927,1.9692502534496072,1.8600495028282635,228,False,False,2022-09-26,1.8600495028282635,WIN,70.0
GBPNZD,SHORT,2022-09-28,1.90447998046875,1.9570603515059828,1.7993192383942844,300,False,False,2022-09-30,1.9570603515059828,LOSS,2.0
GBPNZD,LONG,2022-10-25,1.9818400144577026,1.9199556332201622,2.1056087769327836,319,False,False,2022-11-04,1.9199556332201622,LOSS,8.0
GBPNZD,SHORT,2023-01-17,1.9101899862289429,1.940607360190037,1.8493552383067544,379,False,False,2023-02-21,1.940607360190037,LOSS,25.0
GBPNZD,LONG,2023-04-06,1.972040057182312,1.9376659148396111,2.0407883418677137,436,False,False,2023-05-26,2.0407883418677137,WIN,36.0
GBPNZD,LONG,2023-06-14,2.0466299057006836,2.0093189176965414,2.121251881708968,485,False,False,2023-08-11,2.121251881708968,WIN,42.0
GBPNZD,LONG,2023-08-31,2.135200023651123,2.10192928450049,2.201741501952389,541,False,True,2023-09-14,2.10192928450049,LOSS,10.0
GBPNZD,SHORT,2023-10-13,2.0572099685668945,2.0909153021976894,1.9897993013053048,572,False,True,2023-10-23,2.0909153021976894,LOSS,6.0
GBPNZD,SHORT,2023-11-24,2.071199893951416,2.1022275923432105,2.009144497167827,602,False,False,2023-12-25,2.009144497167827,WIN,21.0
GBPNZD,SHORT,2024-02-13,2.059969902038574,2.0889215279966407,2.0020666501224413,659,False,False,2024-03-06,2.0889215279966407,LOSS,16.0
GBPNZD,LONG,2024-04-08,2.1024699211120605,2.0808860062127663,2.145637750910649,698,False,False,2024-05-08,2.0808860062127663,LOSS,22.0
GBPNZD,SHORT,2024-06-25,2.072010040283203,2.0931421835427964,2.0297457537640167,754,False,False,2024-07-03,2.0931421835427964,LOSS,6.0
GBPNZD,LONG,2024-08-02,2.144160032272339,2.111045559073855,2.2103889786693065,782,False,True,2024-08-07,2.111045559073855,LOSS,3.0
GBPNZD,LONG,2024-09-12,2.1261401176452637,2.09665292648053,2.1851144999747314,811,False,False,2024-12-06,2.1851144999747314,WIN,61.0
GBPNZD,LONG,2025-01-03,2.213249921798706,2.1681868890609852,2.3033759872741477,891,False,False,2025-01-24,2.1681868890609852,LOSS,15.0
GBPNZD,LONG,2025-02-05,2.2088100910186768,2.1788253416754255,2.2687795897051792,914,False,False,2025-03-11,2.2687795897051792,WIN,24.0
GBPNZD,LONG,2025-03-17,2.247620105743408,2.209241339497333,2.3243776382355588,942,False,True,2025-04-07,2.3243776382355588,WIN,15.0
GBPNZD,LONG,2025-04-10,2.2748498916625977,2.2103111283899217,2.4039274182079495,960,False,True,,,OPEN,
AUDJPY,SHORT,2022-11-28,93.50800323486328,95.61489801971004,89.29421366516976,343,False,False,2022-12-20,89.29421366516976,WIN,16.0
AUDJPY,SHORT,2023-04-06,87.91000366210938,90.58342863037126,82.56315372558561,436,False,True,2023-04-20,90.58342863037126,LOSS,10.0
AUDJPY,LONG,2024-01-08,97.20099639892578,95.25932014175218,101.08434891327298,633,False,False,2024-04-25,101.08434891327298,WIN,78.0
AUDJPY,LONG,2025-11-10,100.01100158691406,97.7180995549176,104.59680565090699,1110,False,False,2025-12-22,104.59680565090699,WIN,30.0
AUDJPY,LONG,2026-02-12,109.20099639892578,106.20745444725863,115.18808030226009,1176,False,False,,,OPEN,
CADJPY,SHORT,2023-01-23,96.73100280761719,99.9973952567925,90.19821790926656,383,False,True,2023-02-15,99.9973952567925,LOSS,17.0
CADJPY,LONG,2025-11-10,109.51200103759766,107.45881188195867,113.61837934887564,1110,False,False,2025-12-19,113.61837934887564,WIN,29.0
CADJPY,LONG,2026-01-07,113.4020004272461,111.80269307676015,116.60061512821798,1150,False,False,2026-02-12,111.80269307676015,LOSS,26.0
CADJPY,SHORT,2026-03-30,115.25800323486328,117.00652922022665,111.76095126413654,1208,False,False,2026-04-27,117.00652922022665,LOSS,20.0
CADJPY,SHORT,2026-05-07,114.75900268554688,116.87231677098565,110.53237451466933,1236,False,True,,,OPEN,
CHFJPY,LONG,2025-12-01,194.0799102783203,191.271735927426,199.69625898010895,1125,False,True,2026-01-20,199.69625898010895,WIN,34.0
CHFJPY,LONG,2026-01-26,199.4347686767578,196.0284250825521,206.24745586516923,1163,False,False,2026-07-31,196.0284250825521,LOSS,134.0
NZDJPY,SHORT,2024-12-25,88.66899871826172,90.78131525353353,84.44436564771809,885,False,True,2025-02-28,84.44436564771809,WIN,46.0
NZDJPY,SHORT,2025-11-11,86.9729995727539,88.79490301932266,83.3291926796164,1111,True,False,2025-11-20,88.79490301932266,LOSS,7.0
NZDJPY,LONG,2025-12-18,89.71399688720703,88.15753217813395,92.8269263053532,1138,False,False,2026-01-22,92.8269263053532,WIN,23.0
NZDJPY,LONG,2026-03-03,93.5250015258789,91.51811377893215,97.53877701977243,1189,False,False,2026-03-30,91.51811377893215,LOSS,19.0
NZDJPY,SHORT,2026-05-08,93.11000061035156,94.911401430085,89.5071989708847,1237,True,False,2026-05-29,94.911401430085,LOSS,15.0
NZDJPY,SHORT,2026-06-16,93.33000183105469,94.91089638689067,90.16821271938272,1264,False,False,2026-07-16,94.91089638689067,LOSS,22.0
AUDCAD,LONG,2024-02-27,0.8829699754714966,0.8726322737143037,0.9036453789858823,669,True,False,2024-05-03,0.9036453789858823,WIN,48.0
AUDCAD,LONG,2024-06-19,0.913707971572876,0.9020435542705457,0.9370368061775365,750,False,True,2024-07-25,0.9020435542705457,LOSS,26.0
AUDCAD,LONG,2025-11-14,0.9161999821662903,0.9056149379507663,0.9373700705973382,1114,False,False,2026-01-22,0.9373700705973382,WIN,47.0
AUDCAD,LONG,2026-03-04,0.9626200199127197,0.9461300303732848,0.9955999989915896,1190,False,True,2026-03-09,0.9461300303732848,LOSS,3.0
AUDCAD,LONG,2026-03-13,0.964460015296936,0.9442035743412037,1.0049728972084007,1197,False,False,,,OPEN,
AUDCHF,SHORT,2022-11-28,0.6357449889183044,0.6502437798768896,0.606747407001134,343,False,False,2023-01-24,0.6502437798768896,LOSS,41.0
AUDCHF,SHORT,2024-08-27,0.5735139846801758,0.5877283777030882,0.545085198634351,799,False,True,2024-12-25,0.545085198634351,WIN,86.0
AUDCHF,LONG,2025-11-10,0.5247200131416321,0.5146023043253494,0.5449554307741975,1110,False,False,2025-11-14,0.5146023043253494,LOSS,4.0
AUDCHF,LONG,2025-11-26,0.5227400064468384,0.5121739201522041,0.543872179036107,1122,False,False,2026-02-03,0.543872179036107,WIN,47.0
AUDCHF,LONG,2026-02-06,0.5378299951553345,0.525468219425935,0.5625535466141334,1172,False,False,2026-04-27,0.5625535466141334,WIN,56.0
AUDCHF,LONG,2026-06-02,0.563289999961853,0.5561540174193851,0.5775619650467889,1254,False,False,2026-06-29,0.5561540174193851,LOSS,19.0
AUDNZD,LONG,2023-04-27,1.0798100233078003,1.0642088549781743,1.1110123599670523,451,False,False,2023-05-04,1.0642088549781743,LOSS,5.0
AUDNZD,LONG,2024-04-22,1.0890439748764038,1.0798694362916792,1.107393052045853,708,False,False,2024-05-23,1.0798694362916792,LOSS,23.0
AUDNZD,SHORT,2025-02-06,1.1046110391616821,1.1136061335693348,1.0866208503463768,915,False,False,2025-02-12,1.1136061335693348,LOSS,4.0
AUDNZD,LONG,2025-11-19,1.1500500440597534,1.137221030274221,1.1757080716308184,1117,False,True,2026-02-11,1.1757080716308184,WIN,58.0
AUDNZD,LONG,2026-03-25,1.1984599828720093,1.1829111651661426,1.2295576182837427,1205,False,True,,,OPEN,
NZDCAD,SHORT,2022-06-24,0.8161799907684326,0.8321448297503418,0.7842503128046143,232,False,False,2022-09-20,0.7842503128046143,WIN,62.0
NZDCAD,LONG,2022-10-24,0.7863500118255615,0.7678818939094293,0.823286247657826,318,True,False,2022-11-18,0.823286247657826,WIN,19.0
NZDCAD,LONG,2022-12-22,0.8560580015182495,0.835425986895491,0.8973220307637666,361,False,True,2023-02-27,0.835425986895491,LOSS,47.0
NZDCAD,LONG,2023-03-16,0.8484370112419128,0.8329036287525935,0.8795037762205515,421,False,False,2023-04-12,0.8329036287525935,LOSS,19.0
NZDCAD,SHORT,2023-04-25,0.835099995136261,0.850574506559924,0.8041509722889351,449,False,False,2023-05-03,0.850574506559924,LOSS,6.0
NZDCAD,SHORT,2023-05-19,0.841526985168457,0.8573930558894344,0.8097948437265023,467,True,False,2023-06-07,0.8097948437265023,WIN,13.0
NZDCAD,SHORT,2023-06-14,0.8199099898338318,0.8361199747303272,0.787490020040841,485,False,True,2023-07-13,0.8361199747303272,LOSS,21.0
NZDCAD,SHORT,2023-07-27,0.820222020149231,0.8379421431821392,0.7847817740834144,516,False,False,2023-11-29,0.8379421431821392,LOSS,89.0
NZDCAD,LONG,2023-12-13,0.8336499929428101,0.8198875048251737,0.8611749691780828,615,False,True,2023-12-25,0.8198875048251737,LOSS,8.0
NZDCAD,LONG,2023-12-26,0.8353000283241272,0.8161303546250072,0.8736393757223673,624,False,True,2024-02-02,0.8161303546250072,LOSS,28.0
NZDCAD,LONG,2024-03-14,0.8300700187683105,0.820017861969664,0.8501743323656037,681,False,False,2024-03-19,0.820017861969664,LOSS,3.0
NZDCAD,SHORT,2024-04-08,0.8167440295219421,0.8263199313446813,0.7975922258764638,698,False,True,2024-05-15,0.8263199313446813,LOSS,27.0
NZDCAD,LONG,2024-06-17,0.8428549766540527,0.8313941743556477,0.8657765812508629,748,False,True,2024-06-28,0.8313941743556477,LOSS,9.0
NZDCAD,SHORT,2024-12-18,0.8238300085067749,0.8360648983957114,0.7993602287289019,880,False,False,2024-12-25,0.7993602287289019,WIN,5.0
NZDCAD,SHORT,2025-01-20,0.8085899949073792,0.8211546065952177,0.7834607715317021,902,False,True,2025-03-05,0.8211546065952177,LOSS,32.0
NZDCAD,SHORT,2025-03-27,0.8173199892044067,0.8306362066603642,0.7906875542924918,950,False,False,2025-04-07,0.7906875542924918,WIN,7.0
NZDCAD,LONG,2025-05-05,0.8225499987602234,0.805074995499934,0.8575000052808022,975,False,False,2025-09-25,0.805074995499934,LOSS,103.0
NZDCAD,SHORT,2025-10-01,0.8068000078201294,0.8186688370972591,0.7830623492658699,1082,False,False,2026-01-26,0.8186688370972591,LOSS,81.0
NZDCAD,LONG,2026-02-23,0.819267988204956,0.8080311611274685,0.8417416423599311,1183,False,True,2026-03-03,0.8080311611274685,LOSS,6.0
NZDCAD,LONG,2026-04-23,0.8069499731063843,0.795596146016352,0.8296576272864489,1226,False,False,,,OPEN,
NZDCHF,SHORT,2022-07-22,0.6026999950408936,0.6149866796134028,0.578126625895875,252,False,True,2022-09-13,0.578126625895875,WIN,37.0
NZDCHF,LONG,2022-12-19,0.595329999923706,0.5814182204264172,0.6231535589182837,358,False,True,2022-12-21,0.5814182204264172,LOSS,2.0
NZDCHF,LONG,2023-01-12,0.5926600098609924,0.5790217666236606,0.6199364963356562,376,False,False,2023-02-15,0.5790217666236606,LOSS,24.0
NZDCHF,SHORT,2023-05-02,0.5521900057792664,0.5638806020036005,0.5288088133305981,454,False,True,2023-05-08,0.5638806020036005,LOSS,4.0
NZDCHF,SHORT,2023-06-28,0.5497999787330627,0.5602646933592917,0.5288705494806047,495,False,False,2023-08-08,0.5288705494806047,WIN,29.0
NZDCHF,SHORT,2023-09-04,0.5259900093078613,0.5348569334208104,0.5082561610819631,543,False,True,2023-09-20,0.5348569334208104,LOSS,12.0
NZDCHF,LONG,2023-11-21,0.5340399742126465,0.52352033371561,0.5550792552067194,599,False,False,2024-05-17,0.5550792552067194,WIN,128.0
NZDCHF,LONG,2024-06-03,0.5540900230407715,0.5455923123417609,0.5710854444387927,738,False,False,2024-06-14,0.5455923123417609,LOSS,9.0
NZDCHF,LONG,2024-07-09,0.5503399968147278,0.5430230589992621,0.5649738724456592,764,False,False,2024-07-16,0.5430230589992621,LOSS,5.0
NZDCHF,SHORT,2024-08-13,0.5205000042915344,0.5350838552450236,0.49133230238455616,789,False,True,2024-09-24,0.5350838552450236,LOSS,30.0
NZDCHF,SHORT,2024-10-18,0.5247899889945984,0.5341527829277458,0.5060644011283035,837,False,False,2024-12-19,0.5060644011283035,WIN,44.0
NZDCHF,SHORT,2025-01-03,0.5098000168800354,0.5196229346633325,0.49015418131344113,891,False,True,2025-04-04,0.49015418131344113,WIN,65.0
NZDCHF,SHORT,2025-04-22,0.48532000184059143,0.5034402142294913,0.4490795770627918,966,False,False,2025-11-13,0.4490795770627918,WIN,147.0
NZDCHF,LONG,2026-01-15,0.45925000309944153,0.45113786956411517,0.47547427017009425,1156,False,False,2026-07-21,0.47547427017009425,WIN,133.0
CADCHF,LONG,2024-05-29,0.6684600114822388,0.6611235682271689,0.6831328979923785,735,False,False,2024-05-30,0.6611235682271689,LOSS,1.0
CADCHF,LONG,2025-12-03,0.5746300220489502,0.5661781394823724,0.5915337871821058,1127,False,False,2026-01-26,0.5661781394823724,LOSS,36.0
CADCHF,LONG,2026-03-23,0.5745900273323059,0.5662150642715312,0.5913399534538553,1203,False,True,2026-04-14,0.5662150642715312,LOSS,16.0
CADCHF,LONG,2026-05-01,0.5755199790000916,0.5682945446297947,0.5899708477406853,1232,False,False,2026-05-08,0.5682945446297947,LOSS,5.0
CADCHF,LONG,2026-06-11,0.5734999775886536,0.5669240790782343,0.5866517746094921,1261,False,False,2026-06-15,0.5669240790782343,LOSS,2.0
CADCHF,LONG,2026-06-25,0.5707499980926514,0.5644585827661636,0.583332828745627,1271,False,False,,,OPEN,
USDSEK,SHORT,2023-03-27,10.40060043334961,10.717187776603007,9.767425746842815,428,False,False,2023-05-24,10.717187776603007,LOSS,42.0
USDSEK,LONG,2024-12-02,10.927069664001465,10.663622580697716,11.453963830608963,868,False,True,2024-12-25,10.663622580697716,LOSS,17.0
USDSEK,LONG,2025-11-20,9.537260055541992,9.379801029870075,9.852178106885827,1118,False,False,2025-11-28,9.379801029870075,LOSS,6.0
USDSEK,SHORT,2026-02-09,8.9993896484375,9.209173580120087,8.579821785072326,1173,False,True,2026-03-03,9.209173580120087,LOSS,16.0
USDSEK,LONG,2026-04-30,9.304550170898438,9.094575176031835,9.724500160631642,1231,False,False,2026-06-23,9.724500160631642,WIN,38.0
USDSEK,LONG,2026-07-15,9.655759811401367,9.474909080352003,10.017461273500096,1285,False,True,,,OPEN,
USDNOK,SHORT,2022-07-25,9.90999984741211,10.267916332246724,9.19416687774288,253,False,False,2022-09-16,10.267916332246724,LOSS,39.0
USDNOK,SHORT,2023-01-23,9.845450401306152,10.180807328303354,9.174736547311749,383,False,False,2023-02-03,10.180807328303354,LOSS,9.0
USDNOK,LONG,2025-11-28,10.16018009185791,9.978347529792973,10.523845215987784,1124,False,False,2025-12-24,9.978347529792973,LOSS,18.0
USDNOK,LONG,2026-01-14,10.085229873657227,9.943836770089083,10.368016080793513,1155,False,False,2026-01-21,9.943836770089083,LOSS,5.0
USDNOK,SHORT,2026-02-26,9.541720390319824,9.761482526227715,9.102196118504043,1186,False,False,2026-03-03,9.761482526227715,LOSS,3.0
USDNOK,SHORT,2026-03-23,9.566550254821777,9.81089859200374,9.077853580457852,1203,False,False,2026-03-31,9.81089859200374,LOSS,6.0
USDNOK,SHORT,2026-05-15,9.273550033569336,9.462632807693385,8.895384485321237,1242,False,True,2026-06-08,9.462632807693385,LOSS,16.0
USDNOK,LONG,2026-07-09,9.759349822998047,9.573715415016798,10.130618638960545,1281,False,True,2026-07-23,9.573715415016798,LOSS,10.0
EURSEK,LONG,2023-01-23,11.173800468444824,10.94810413484651,11.625193135641453,383,False,True,2023-05-30,11.625193135641453,WIN,91.0
EURSEK,SHORT,2024-02-29,11.18082046508789,11.333400873610188,10.875659648043296,671,False,True,2024-03-18,11.333400873610188,LOSS,12.0
EURSEK,LONG,2024-07-08,11.39050006866455,11.214385091726367,11.742730022540918,763,True,True,2024-07-25,11.742730022540918,WIN,13.0
EURSEK,SHORT,2025-11-14,10.937239646911621,11.063382681530015,10.684953577674833,1114,False,False,2026-01-15,10.684953577674833,WIN,42.0
EURSEK,SHORT,2026-02-11,10.562800407409668,10.713907591946054,10.260586038336896,1175,False,True,2026-03-02,10.713907591946054,LOSS,13.0
EURSEK,LONG,2026-05-06,10.826709747314453,10.67772239410545,11.12468445373246,1235,False,False,,,OPEN,
EURNOK,LONG,2022-12-13,10.519700050354004,10.274114334277284,11.010871482507444,354,False,False,2023-02-03,11.010871482507444,WIN,38.0
EURNOK,SHORT,2025-04-04,11.4068603515625,11.647984003501229,10.924613047685042,956,False,True,2025-04-07,11.647984003501229,LOSS,1.0
EURNOK,SHORT,2025-11-14,11.655630111694336,11.82071474757066,11.325460839941687,1114,False,False,2025-11-21,11.82071474757066,LOSS,5.0
EURNOK,SHORT,2026-05-27,10.775500297546387,10.936087673942858,10.454325544753445,1250,False,True,2026-06-09,10.936087673942858,LOSS,9.0
EURNOK,LONG,2026-07-13,11.153380393981934,10.987790571549278,11.484560038847246,1283,False,True,2026-07-21,10.987790571549278,LOSS,6.0
USDMXN,SHORT,2026-02-06,17.503599166870117,17.868264576432082,16.774268347746187,1172,False,True,2026-03-06,17.868264576432082,LOSS,20.0
USDMXN,LONG,2026-04-06,17.880399703979492,17.444944015258415,18.751311081421647,1213,False,True,2026-04-08,17.444944015258415,LOSS,2.0
USDMXN,LONG,2026-06-02,17.352949142456055,17.09880930717801,17.861228813012147,1254,False,False,,,OPEN,
USDZAR,SHORT,2023-08-29,18.55430030822754,19.22187442154079,17.219152081601038,539,False,False,2023-09-05,19.22187442154079,LOSS,5.0
USDZAR,SHORT,2025-11-18,17.171049118041992,17.52115568483226,16.47083598446146,1116,False,False,2026-01-02,16.47083598446146,WIN,31.0
USDZAR,SHORT,2026-02-02,16.137269973754883,16.558243976306258,15.295321968652132,1168,False,True,2026-03-03,16.558243976306258,LOSS,21.0
USDZAR,LONG,2026-04-06,16.969289779663086,16.367719369440973,18.17243060010731,1213,False,True,2026-04-08,16.367719369440973,LOSS,2.0
USDZAR,LONG,2026-05-19,16.572799682617188,16.073624143189825,17.571150761471912,1244,False,False,,,OPEN,
USDPLN,SHORT,2024-01-02,3.9368999004364014,4.02396555885178,3.7627685836056433,629,False,True,2024-01-16,4.02396555885178,LOSS,10.0
USDPLN,LONG,2025-11-10,3.6708199977874756,3.611849204968069,3.7887615834262887,1110,False,False,2025-12-11,3.611849204968069,LOSS,23.0
USDPLN,LONG,2026-01-09,3.6120500564575195,3.5705963849071534,3.694957399558252,1152,False,False,2026-01-22,3.5705963849071534,LOSS,9.0
USDPLN,LONG,2026-03-25,3.6739299297332764,3.5839241443754997,3.8539415004488298,1205,False,True,2026-04-15,3.5839241443754997,LOSS,15.0
USDPLN,LONG,2026-05-27,3.638050079345703,3.5837791789183155,3.7465918802004783,1250,False,False,2026-06-23,3.7465918802004783,WIN,19.0
USDHUF,LONG,2025-12-22,329.8139953613281,324.21472436455605,341.0125373548723,1140,True,False,2026-01-26,324.21472436455605,LOSS,23.0
USDHUF,LONG,2026-03-24,333.5539855957031,319.5230098810349,361.61593702503956,1204,False,True,2026-04-08,319.5230098810349,LOSS,11.0
USDHUF,SHORT,2026-05-19,308.7909851074219,318.39008527358317,289.5927847750993,1244,False,True,2026-07-17,318.39008527358317,LOSS,43.0
USDHUF,LONG,2026-08-03,314.8389892578125,307.16328444631813,330.19039888080124,1298,False,True,,,OPEN,
USDILS,SHORT,2025-08-25,3.367419958114624,3.434207495570375,3.2338448832031217,1055,False,False,2025-11-10,3.2338448832031217,WIN,55.0
USDILS,LONG,2025-11-25,3.262939929962158,3.193231757692823,3.4023562745008284,1121,False,False,2025-12-12,3.193231757692823,LOSS,13.0
USDILS,SHORT,2026-01-21,3.16198992729187,3.2133610689458134,3.0592476439839835,1160,False,True,2026-02-12,3.0592476439839835,WIN,16.0
USDILS,SHORT,2026-02-17,3.093640089035034,3.149119144230773,2.9826819786435568,1179,False,True,2026-02-27,3.149119144230773,LOSS,8.0
USDILS,SHORT,2026-03-06,3.0785300731658936,3.153201138225851,2.929187943045979,1192,False,False,2026-03-27,3.153201138225851,LOSS,15.0
USDILS,LONG,2026-04-08,3.1417999267578125,3.067901987773379,3.2895958047266793,1215,False,False,2026-04-09,3.067901987773379,LOSS,1.0
SGDJPY,SHORT,2023-01-23,97.82599639892578,100.89735524815652,91.68327870046431,383,False,True,2023-02-21,100.89735524815652,LOSS,21.0
SGDJPY,LONG,2025-11-10,118.07099914550781,116.39218344152842,121.4286305534666,1110,False,False,2025-12-19,121.4286305534666,WIN,29.0
SGDJPY,SHORT,2026-04-02,123.66799926757812,124.98772765113124,121.0285425004719,1211,False,False,2026-04-10,124.98772765113124,LOSS,6.0
SGDJPY,SHORT,2026-05-15,124.01899719238281,125.47829220736907,121.1004071624103,1242,False,True,2026-06-30,125.47829220736907,LOSS,32.0
HKDJPY,SHORT,2022-08-08,17.202999114990234,17.70236455194383,16.204268241083042,263,False,False,2022-08-29,17.70236455194383,LOSS,15.0
HKDJPY,LONG,2022-10-26,18.85099983215332,18.418229463649208,19.716540569161545,320,False,True,2022-11-10,18.418229463649208,LOSS,11.0
HKDJPY,SHORT,2022-12-16,17.71095085144043,18.278967676773156,16.574917200774976,357,False,True,2023-01-13,16.574917200774976,WIN,20.0
HKDJPY,SHORT,2023-04-04,16.857999801635742,17.287978823382744,15.998041758141738,434,False,False,2023-04-28,17.287978823382744,LOSS,18.0
HKDJPY,LONG,2023-05-08,17.22825050354004,16.808470202187905,18.067811106244307,458,False,False,2023-06-15,18.067811106244307,WIN,28.0
HKDJPY,LONG,2023-10-11,19.006000518798828,18.75998862544782,19.49802430550084,570,False,False,2023-12-04,18.75998862544782,LOSS,38.0
HKDJPY,SHORT,2024-03-15,18.95709991455078,19.265539477382102,18.34022078888814,682,False,False,2024-03-19,19.265539477382102,LOSS,2.0
HKDJPY,LONG,2024-05-07,19.72715950012207,19.323314990769145,20.53484851882792,719,False,True,2024-06-26,20.53484851882792,WIN,36.0
HKDJPY,SHORT,2024-09-03,18.817930221557617,19.3417315802733,17.77032750412625,804,False,True,2024-10-21,19.3417315802733,LOSS,34.0
HKDJPY,SHORT,2025-03-18,19.225339889526367,19.629080930110167,18.417857808358768,943,False,False,2025-04-11,18.417857808358768,WIN,18.0
HKDJPY,SHORT,2025-05-06,18.53424072265625,19.048008047607745,17.50670607275326,976,False,False,2025-05-12,19.048008047607745,LOSS,4.0
HKDJPY,SHORT,2025-05-30,18.335079193115234,18.845208332787507,17.31482091377069,994,False,False,2025-06-23,18.845208332787507,LOSS,16.0
HKDJPY,LONG,2025-08-13,18.825950622558594,18.4472504639867,19.583350939702385,1047,False,False,2025-10-08,19.583350939702385,WIN,40.0
HKDJPY,LONG,2025-12-01,20.028329849243164,19.72150644466787,20.64197665839375,1125,False,True,2026-01-26,19.72150644466787,LOSS,38.0
HKDJPY,LONG,2026-02-09,20.125829696655273,19.7588370747995,20.859814940366817,1173,False,False,2026-02-10,19.7588370747995,LOSS,1.0
HKDJPY,SHORT,2026-02-23,19.75181007385254,20.14490270451468,18.965624812528254,1183,False,False,2026-03-02,20.14490270451468,LOSS,5.0
ZARJPY,SHORT,2022-07-05,8.291399955749512,8.657115580740502,7.559968705767531,239,False,False,2022-12-20,7.559968705767531,WIN,120.0
ZARJPY,SHORT,2023-01-02,7.6620001792907715,7.992953667911509,7.000093202049296,368,False,False,2023-05-11,7.000093202049296,WIN,93.0
ZARJPY,LONG,2023-09-18,7.788899898529053,7.577604524390149,8.21149064680686,553,False,False,2023-11-06,8.21149064680686,WIN,35.0
ZARJPY,SHORT,2024-01-02,7.6697998046875,7.929045065301087,7.151309283460327,629,False,True,2024-02-13,7.929045065301087,LOSS,30.0
ZARJPY,SHORT,2024-02-29,7.8109002113342285,7.9984098127515475,7.4358810084995905,671,False,False,2024-03-20,7.9984098127515475,LOSS,14.0
ZARJPY,LONG,2024-07-03,8.6766996383667,8.380995598117238,9.268107718865622,760,False,True,2024-07-24,8.380995598117238,LOSS,15.0
ZARJPY,SHORT,2024-09-04,8.08430004119873,8.3723018475297,7.5082964285367915,805,False,False,2024-09-24,8.3723018475297,LOSS,14.0
ZARJPY,SHORT,2024-11-22,8.505800247192383,8.749208732222833,8.018983277131483,862,False,False,2025-03-04,8.018983277131483,WIN,71.0
ZARJPY,SHORT,2025-03-14,8.086000442504883,8.306914878820802,7.644171569873045,941,False,False,2025-03-18,8.306914878820802,LOSS,2.0
ZARJPY,SHORT,2025-05-01,7.678400039672852,7.951236157423322,7.13272780417191,973,False,False,2025-05-08,7.951236157423322,LOSS,5.0
ZARJPY,LONG,2025-06-23,8.086400032043457,7.867566461492384,8.524067173145603,1010,False,False,2025-09-18,8.524067173145603,WIN,63.0
ZARJPY,LONG,2026-01-27,9.624600410461426,9.386954752431986,10.099891726520305,1164,False,True,2026-03-06,9.386954752431986,LOSS,28.0
ZARJPY,SHORT,2026-04-02,9.422300338745117,9.710299058079775,8.846302900075802,1211,False,True,2026-04-09,9.710299058079775,LOSS,5.0
ZARJPY,SHORT,2026-04-30,9.524499893188477,9.759548993548126,9.054401692469177,1231,False,False,2026-05-27,9.759548993548126,LOSS,19.0
ZARJPY,SHORT,2026-07-24,9.741250991821289,9.965275651475249,9.29320167251337,1292,False,False,,,OPEN,
MXNJPY,SHORT,2022-07-08,6.630003929138184,6.867588602116696,6.1548345831811595,242,False,False,2022-08-24,6.867588602116696,LOSS,33.0
MXNJPY,SHORT,2023-01-23,6.842574119567871,7.09204782494872,6.343626708806173,383,False,False,2023-02-13,7.09204782494872,LOSS,15.0
MXNJPY,SHORT,2023-03-28,7.152480125427246,7.4805313990375275,6.496377578206683,429,False,True,2023-04-28,7.4805313990375275,LOSS,23.0
MXNJPY,LONG,2023-05-05,7.49429988861084,7.23200283352898,8.01889399877456,457,False,False,2023-06-06,8.01889399877456,WIN,22.0
MXNJPY,LONG,2023-07-07,8.351099967956543,8.139918903365023,8.773462097139582,502,False,True,2023-08-28,8.773462097139582,WIN,36.0
MXNJPY,SHORT,2023-12-21,8.373499870300293,8.651380037026424,7.8177395368480305,621,False,False,2024-01-19,8.651380037026424,LOSS,21.0
MXNJPY,LONG,2024-05-02,9.188199996948242,8.915707470110872,9.733185050622982,716,False,True,2024-06-03,8.915707470110872,LOSS,22.0
MXNJPY,SHORT,2024-09-20,7.390869140625,7.719211834762855,6.73418375234929,817,False,True,2024-10-04,7.719211834762855,LOSS,10.0
MXNJPY,LONG,2025-01-10,7.703420162200928,7.471550619756476,8.167159247089831,896,False,False,2025-01-16,7.471550619756476,LOSS,4.0
MXNJPY,LONG,2025-03-20,7.40880012512207,7.178647156227123,7.869106062911966,945,False,False,2025-04-04,7.178647156227123,LOSS,11.0
MXNJPY,LONG,2025-05-08,7.336413860321045,7.074641860412765,7.859957860137605,978,False,False,2025-07-08,7.859957860137605,WIN,43.0
MXNJPY,LONG,2025-08-06,7.873866081237793,7.685338205949193,8.250921831814994,1042,False,True,2025-10-08,8.250921831814994,WIN,45.0
MXNJPY,LONG,2025-10-17,8.143199920654297,7.958576905428005,8.51244595110688,1094,False,False,2025-11-19,8.51244595110688,WIN,23.0
MXNJPY,LONG,2025-12-04,8.479299545288086,8.323146149685734,8.79160633649279,1128,False,False,2026-01-09,8.79160633649279,WIN,24.0
MXNJPY,LONG,2026-01-28,8.881620407104492,8.690511488314861,9.263838244683754,1165,False,True,2026-06-12,9.263838244683754,WIN,97.0
TRYJPY,SHORT,2022-07-14,7.859000205993652,8.119870886870382,7.337258844240193,246,False,False,2022-08-02,7.337258844240193,WIN,13.0
TRYJPY,LONG,2022-09-27,7.816999912261963,7.592176635936367,8.266646464913155,299,False,False,2022-11-11,7.592176635936367,LOSS,33.0
TRYJPY,LONG,2023-05-03,7.001999855041504,6.791849634121403,7.422300296881705,455,False,False,2023-05-12,6.791849634121403,LOSS,7.0
TRYJPY,LONG,2023-05-22,6.945000171661377,6.689343720079518,7.456313074825095,468,False,True,2023-05-25,6.689343720079518,LOSS,3.0
TRYJPY,LONG,2023-05-29,7.0269999504089355,6.668863332375498,7.743273186475811,473,False,True,2023-05-31,6.668863332375498,LOSS,2.0
TRYJPY,LONG,2024-04-10,4.704999923706055,4.577010750207468,4.960978270703228,700,False,True,2024-04-12,4.577010750207468,LOSS,2.0
TRYJPY,LONG,2024-04-15,4.729000091552734,4.584188780293789,5.018622714070625,703,False,True,2024-04-19,4.584188780293789,LOSS,4.0
TRYJPY,LONG,2024-04-22,4.736999988555908,4.5865284736517795,5.037943018364166,708,False,True,2024-07-25,4.5865284736517795,LOSS,68.0
TRYJPY,SHORT,2024-09-30,4.173999786376953,4.315148724997076,3.8917019091367067,823,False,True,2024-10-04,4.315148724997076,LOSS,4.0
TRYJPY,LONG,2025-01-02,4.454999923706055,4.349788654170887,4.665422462776391,890,False,False,2025-01-21,4.349788654170887,LOSS,13.0
TRYJPY,SHORT,2025-05-08,3.7179999351501465,3.8371554502981717,3.479688904854096,978,False,True,2026-04-30,3.479688904854096,WIN,253.0
TRYJPY,SHORT,2026-06-03,3.477536916732788,3.5167367154281495,3.3991373193420653,1255,False,True,2026-07-30,3.3991373193420653,WIN,41.0
PLNJPY,SHORT,2022-07-19,29.211999893188477,30.430352729103383,26.775294221358664,249,False,True,2022-09-07,30.430352729103383,LOSS,36.0
PLNJPY,SHORT,2022-10-04,29.422000885009766,30.41325652936088,27.43948959630754,304,False,False,2022-10-17,30.41325652936088,LOSS,9.0
PLNJPY,LONG,2022-11-11,30.802000045776367,29.872127155637383,32.661745826054336,332,False,True,2022-12-20,29.872127155637383,LOSS,27.0
PLNJPY,SHORT,2023-01-23,29.839000701904297,30.853563826607868,27.809874452497155,383,False,False,2023-02-28,30.853563826607868,LOSS,26.0
PLNJPY,SHORT,2023-03-28,30.239999771118164,31.215528624639365,28.288942064075762,429,False,False,2023-04-11,31.215528624639365,LOSS,10.0
PLNJPY,LONG,2023-06-01,32.85599899291992,32.10936939975165,34.349258179256466,476,False,False,2023-06-15,34.349258179256466,WIN,10.0
PLNJPY,LONG,2023-07-10,35.01100158691406,34.21119664112415,36.610611478493894,503,False,True,2023-09-07,34.21119664112415,LOSS,43.0
PLNJPY,SHORT,2023-09-25,34.323001861572266,35.18793420700077,32.59313717071525,558,False,False,2023-10-16,35.18793420700077,LOSS,15.0
PLNJPY,SHORT,2023-12-21,36.124000549316406,37.103827347990354,34.16434695196851,621,True,True,2024-01-02,34.16434695196851,WIN,8.0
PLNJPY,LONG,2024-06-04,39.82500076293945,38.92441664357526,41.62616900166783,739,False,False,2024-06-10,38.92441664357526,LOSS,4.0
PLNJPY,LONG,2024-07-17,40.301998138427734,39.36193089635963,42.18213262256394,770,False,False,2024-07-24,39.36193089635963,LOSS,5.0
PLNJPY,SHORT,2024-08-15,37.77299880981445,39.05267787852414,35.21364067239507,791,False,True,2025-03-18,39.05267787852414,LOSS,152.0
PLNJPY,LONG,2025-03-21,38.433998107910156,37.273259370137126,40.75547558345622,946,False,False,2025-04-07,37.273259370137126,LOSS,11.0
PLNJPY,LONG,2025-05-21,38.41699981689453,37.49410798050733,40.262783489668934,987,False,False,2025-07-07,40.262783489668934,WIN,33.0
PLNJPY,LONG,2025-07-29,40.35900115966797,39.59241640975897,41.89217065948597,1036,False,True,2025-10-23,41.89217065948597,WIN,62.0
PLNJPY,LONG,2025-11-06,41.61000061035156,40.932439356858325,42.96512311733804,1108,False,False,2025-11-20,42.96512311733804,WIN,10.0
PLNJPY,LONG,2026-01-16,43.69599914550781,43.04989199548988,44.98821344554368,1157,False,False,2026-02-12,43.04989199548988,LOSS,19.0
PLNJPY,SHORT,2026-03-13,42.91299819946289,43.87050843155411,40.99797773528046,1197,False,False,2026-04-10,43.87050843155411,LOSS,20.0
PLNJPY,SHORT,2026-05-11,43.53300094604492,44.287824360492735,42.023354117149296,1238,False,True,2026-08-03,42.023354117149296,WIN,60.0
