pair,direction,entry_date,entry_price,stop_loss,take_profit,entry_bar,rsi_divergence,volume_used,exit_date,exit_price,outcome,bars_held,asset_class
AUDCAD=X,LONG,2024-06-13,0.9142100214958191,0.9030874834758238,0.9364550975358097,744,False,False,2024-07-25,0.9030874834758238,LOSS,30.0,forex
AUDCAD=X,SHORT,2024-12-11,0.9032999873161316,0.9181679487861585,0.8735640643760778,873,False,False,2025-04-04,0.8735640643760778,WIN,81.0,forex
AUDCHF=X,SHORT,2022-08-18,0.6589000225067139,0.6738159102714705,0.6290682469772007,269,False,False,2022-08-30,0.6738159102714705,LOSS,8.0,forex
AUDCHF=X,SHORT,2022-12-16,0.6220719814300537,0.6378815789009903,0.5904527864881806,355,False,False,2023-01-04,0.6378815789009903,LOSS,13.0,forex
AUDCHF=X,LONG,2025-08-11,0.5262600183486938,0.5175363254081758,0.5437074042297299,1043,False,False,2025-08-20,0.5175363254081758,LOSS,7.0,forex
AUDCHF=X,SHORT,2025-10-15,0.5203070044517517,0.5302776916965785,0.5003656299620982,1090,False,False,2025-12-04,0.5302776916965785,LOSS,36.0,forex
AUDCHF=X,LONG,2026-02-03,0.5417600274085999,0.5294526728275851,0.5663747365706293,1167,False,False,2026-04-28,0.5663747365706293,WIN,60.0,forex
AUDJPY=X,LONG,2023-08-30,94.54399871826172,92.73505003435433,98.1618960860765,538,False,False,2023-11-15,98.1618960860765,WIN,55.0,forex
AUDNZD=X,LONG,2022-01-20,1.0642199516296387,1.053415413647357,1.085829027594202,119,False,False,2022-03-29,1.085829027594202,WIN,48.0,forex
AUDNZD=X,SHORT,2023-04-06,1.0628600120544434,1.0802380331266532,1.0281039699100236,434,False,False,2023-04-13,1.0802380331266532,LOSS,5.0,forex
AUDNZD=X,LONG,2023-09-15,1.089359998703003,1.074822816606174,1.1184343628966609,550,False,False,2023-09-26,1.074822816606174,LOSS,7.0,forex
AUDNZD=X,SHORT,2024-01-10,1.0713599920272827,1.0846804106298666,1.0447191548221149,633,False,False,2024-03-21,1.0846804106298666,LOSS,51.0,forex
AUDNZD=X,LONG,2024-04-25,1.0944980382919312,1.0852305063585073,1.113033102158779,709,False,False,2024-05-23,1.0852305063585073,LOSS,20.0,forex
AUDNZD=X,SHORT,2025-01-30,1.1013489961624146,1.1102330172856363,1.083580953915971,908,False,False,2025-02-06,1.1102330172856363,LOSS,5.0,forex
AUDNZD=X,LONG,2025-07-07,1.0826599597930908,1.0739205728427068,1.1001387336938588,1018,False,False,2025-08-20,1.1001387336938588,WIN,32.0,forex
AUDUSD=X,LONG,2025-01-23,0.6275002360343933,0.6142451721509768,0.6540103638012262,903,True,False,2025-02-03,0.6142451721509768,LOSS,7.0,forex
AUDUSD=X,LONG,2025-07-01,0.6578081846237183,0.6456435930119366,0.6821373678472815,1014,False,False,2025-07-17,0.6456435930119366,LOSS,12.0,forex
CADCHF=X,SHORT,2022-02-21,0.721780002117157,0.7319174964541877,0.7015050134430956,141,False,False,2022-03-11,0.7319174964541877,LOSS,14.0,forex
CADCHF=X,LONG,2022-04-15,0.7475500106811523,0.734864479758544,0.7729210725263691,180,False,False,2022-05-13,0.7729210725263691,WIN,20.0,forex
CADCHF=X,SHORT,2023-07-07,0.6697999835014343,0.6803915556401926,0.6486168392239178,500,True,False,2023-07-17,0.6486168392239178,WIN,6.0,forex
CADCHF=X,LONG,2023-09-11,0.65447998046875,0.6458088869743737,0.6718221674575027,546,True,False,2023-09-21,0.6718221674575027,WIN,8.0,forex
CADCHF=X,SHORT,2023-12-28,0.6379500031471252,0.6490915776839157,0.6156668540735444,624,False,False,2024-02-08,0.6490915776839157,LOSS,30.0,forex
CADCHF=X,SHORT,2025-06-24,0.5917800068855286,0.6020669683162496,0.5712060840240865,1009,False,False,2025-09-17,0.5712060840240865,WIN,61.0,forex
CADCHF=X,SHORT,2026-01-13,0.5745499730110168,0.5822200905622977,0.5592097379084551,1152,False,False,,,OPEN,,forex
CADJPY=X,LONG,2023-09-07,108.28900146484375,106.48951778407788,111.8879688263755,544,False,False,2023-12-07,106.48951778407788,LOSS,65.0,forex
CADJPY=X,LONG,2024-04-19,112.26000213623047,110.73813063169425,115.30374514530291,705,False,False,2024-04-29,115.30374514530291,WIN,6.0,forex
CHFJPY=X,LONG,2022-03-01,125.40799713134766,123.86948798000371,128.48501543403555,147,False,False,2022-03-22,128.48501543403555,WIN,15.0,forex
CHFJPY=X,SHORT,2022-11-29,146.1201629638672,149.29164401069056,139.77720087022044,342,False,False,2023-01-03,139.77720087022044,WIN,25.0,forex
EURAUD=X,SHORT,2022-12-01,1.5329300165176392,1.5647273245866677,1.469335400379582,344,False,False,2022-12-06,1.5647273245866677,LOSS,3.0,forex
EURAUD=X,LONG,2024-02-29,1.6687500476837158,1.647694093610969,1.7108619558292095,669,False,False,2024-03-07,1.647694093610969,LOSS,5.0,forex
EURAUD=X,LONG,2025-01-30,1.670639991760254,1.648818963436925,1.7142820484069117,908,False,False,2025-02-07,1.648818963436925,LOSS,6.0,forex
EURCAD=X,SHORT,2023-09-06,1.4625999927520752,1.4812301661270144,1.4253396460021968,543,False,False,2023-09-26,1.4253396460021968,WIN,14.0,forex
EURCAD=X,LONG,2024-01-16,1.4704400300979614,1.453648889930862,1.5040223104321604,637,False,False,2024-01-29,1.453648889930862,LOSS,9.0,forex
EURCAD=X,SHORT,2024-03-29,1.4606499671936035,1.4730606535589275,1.4358285944629556,690,False,False,2024-04-05,1.4730606535589275,LOSS,5.0,forex
EURCAD=X,LONG,2025-06-12,1.572540044784546,1.5503709297620756,1.6168782748294865,1001,False,False,2025-08-15,1.6168782748294865,WIN,46.0,forex
EURCAD=X,SHORT,2026-03-02,1.6071799993515015,1.6200965095974669,1.5813469788595707,1186,False,False,2026-03-06,1.5813469788595707,WIN,4.0,forex
EURCHF=X,LONG,2022-12-26,0.9909999966621399,0.9787213053523338,1.015557379281752,361,False,False,2023-03-13,0.9787213053523338,LOSS,55.0,forex
EURCHF=X,SHORT,2023-07-12,0.967769980430603,0.9774526120627067,0.9484047171663956,503,False,False,2023-10-13,0.9484047171663956,WIN,67.0,forex
EURCHF=X,SHORT,2023-12-29,0.933459997177124,0.9529590303585399,0.8944619308142923,625,False,False,2024-01-01,0.9529590303585399,LOSS,1.0,forex
EURCHF=X,LONG,2025-06-11,0.9400799870491028,0.9305015080774389,0.9592369449924305,1000,False,False,2025-07-10,0.9305015080774389,LOSS,21.0,forex
EURCHF=X,SHORT,2025-10-07,0.930840015411377,0.936677664177848,0.9191647178784348,1084,False,False,2025-11-14,0.9191647178784348,WIN,28.0,forex
EURGBP=X,LONG,2025-01-09,0.8344799876213074,0.8212015164741275,0.861036929915667,893,False,False,2025-04-09,0.861036929915667,WIN,64.0,forex
EURJPY=X,SHORT,2023-10-04,156.16000366210938,158.48420107378334,151.51160883876145,563,False,False,2023-10-12,158.48420107378334,LOSS,6.0,forex
EURNZD=X,LONG,2024-01-16,1.7680000066757202,1.7413747681808285,1.8212504836655037,637,True,False,2024-06-14,1.7413747681808285,LOSS,108.0,forex
EURNZD=X,LONG,2024-12-09,1.8094700574874878,1.7827671855297278,1.8628758014030078,871,False,False,2024-12-25,1.8628758014030078,WIN,12.0,forex
EURNZD=X,LONG,2025-01-31,1.8445500135421753,1.8224198674966698,1.8888103056331862,909,False,False,2025-02-10,1.8224198674966698,LOSS,6.0,forex
EURSEK=X,LONG,2022-06-14,10.61443042755127,10.430863610947913,10.981564060757982,222,False,False,2022-07-20,10.430863610947913,LOSS,26.0,forex
EURSEK=X,LONG,2022-12-19,11.015899658203125,10.649312669874249,11.749073634860878,356,False,False,2023-06-20,11.749073634860878,WIN,131.0,forex
EURSEK=X,SHORT,2023-09-26,11.717630386352539,11.933151914213699,11.28658733063022,557,False,False,2023-11-29,11.28658733063022,WIN,46.0,forex
EURSEK=X,LONG,2024-10-17,11.4068603515625,11.244407381362812,11.731766291961875,834,False,False,2024-11-06,11.244407381362812,LOSS,14.0,forex
EURSEK=X,SHORT,2025-02-05,11.385089874267578,11.511319264841047,11.13263109312064,912,False,False,2025-02-21,11.13263109312064,WIN,12.0,forex
EURSEK=X,LONG,2025-06-04,10.94202995300293,10.776128043982903,11.273833771042984,995,False,False,2025-07-07,11.273833771042984,WIN,23.0,forex
EURSEK=X,SHORT,2025-08-25,11.131059646606445,11.236798016024137,10.919582907771062,1053,False,False,2025-09-10,10.919582907771062,WIN,12.0,forex
EURSEK=X,LONG,2026-07-24,11.09924030303955,10.98643116517114,11.324858578776372,1290,False,False,2026-07-30,10.98643116517114,LOSS,4.0,forex
EURSEK=X,SHORT,2026-07-31,10.990269660949707,11.115814843115006,10.73917929661911,1295,False,False,,,OPEN,,forex
EURUSD=X,LONG,2021-12-30,1.1360150575637817,1.1226601778405727,1.1627248170101998,104,True,False,2022-01-27,1.1226601778405727,LOSS,20.0,forex
GBPAUD=X,SHORT,2022-07-18,1.7447999715805054,1.7759167950850114,1.6825663245714932,246,False,False,2022-09-23,1.6825663245714932,WIN,49.0,forex
GBPAUD=X,SHORT,2022-09-26,1.652959942817688,1.695747264656105,1.5673852991408541,296,False,False,2022-09-29,1.695747264656105,LOSS,3.0,forex
GBPAUD=X,LONG,2023-02-22,1.7645100355148315,1.73002967482454,1.8334707568954145,403,False,False,2023-03-21,1.8334707568954145,WIN,19.0,forex
GBPAUD=X,SHORT,2023-12-14,1.8936599493026733,1.9248311019289726,1.831317644050075,614,False,False,2024-01-17,1.9248311019289726,LOSS,24.0,forex
GBPCAD=X,LONG,2023-08-18,1.7267199754714966,1.6842658318549921,1.8116282627045055,530,False,False,2023-09-14,1.6842658318549921,LOSS,19.0,forex
GBPCAD=X,LONG,2026-01-06,1.8638399839401245,1.8418323540052624,1.9078552438098488,1147,False,False,2026-02-19,1.8418323540052624,LOSS,32.0,forex
GBPCHF=X,SHORT,2022-02-24,1.2426400184631348,1.2605430462669176,1.206833962855569,144,False,False,2022-05-24,1.206833962855569,WIN,63.0,forex
GBPCHF=X,SHORT,2022-08-09,1.1536600589752197,1.1738806153828014,1.1132189461600563,262,False,False,2022-09-09,1.1132189461600563,WIN,23.0,forex
GBPCHF=X,LONG,2023-08-21,1.1241300106048584,1.1108001363870823,1.1507897590404106,531,True,False,2023-08-28,1.1108001363870823,LOSS,5.0,forex
GBPCHF=X,SHORT,2023-09-21,1.1086699962615967,1.1208373079394922,1.0843353729058056,554,False,False,2023-09-28,1.1208373079394922,LOSS,5.0,forex
GBPCHF=X,SHORT,2023-10-13,1.1058900356292725,1.1184731590272532,1.080723788833311,570,False,False,2023-10-20,1.080723788833311,WIN,5.0,forex
GBPCHF=X,SHORT,2024-11-01,1.1136800050735474,1.1317698764439246,1.077500262332793,845,False,False,2024-11-07,1.1317698764439246,LOSS,4.0,forex
GBPCHF=X,SHORT,2025-04-04,1.1245100498199463,1.1442755025339972,1.0849791443918444,954,False,False,2025-04-09,1.0849791443918444,WIN,3.0,forex
GBPCHF=X,SHORT,2025-10-15,1.0676100254058838,1.0783282219632446,1.0461736322911621,1090,False,False,2025-11-12,1.0461736322911621,WIN,20.0,forex
GBPJPY=X,LONG,2022-09-07,164.77699279785156,161.15552538167907,172.01992763019655,283,False,False,2022-09-22,161.15552538167907,LOSS,11.0,forex
GBPJPY=X,SHORT,2025-08-04,195.79600524902344,199.07635393847139,189.23530787012754,1038,False,False,2025-08-12,199.07635393847139,LOSS,6.0,forex
GBPJPY=X,LONG,2025-09-08,200.1540069580078,197.7493618579812,204.96329715806104,1063,False,False,2025-10-02,197.7493618579812,LOSS,18.0,forex
GBPNZD=X,SHORT,2022-07-15,1.931149959564209,1.963169039525118,1.867111799642391,245,True,False,2022-09-26,1.867111799642391,WIN,51.0,forex
GBPNZD=X,SHORT,2022-12-01,1.9122300148010254,1.9526806392464795,1.8313287659101172,344,False,False,2023-02-27,1.9526806392464795,LOSS,62.0,forex
GBPNZD=X,LONG,2024-12-05,2.1673998832702637,2.138700574753324,2.224798500304143,869,False,False,2024-12-19,2.224798500304143,WIN,10.0,forex
GBPUSD=X,SHORT,2024-02-05,1.2621959447860718,1.281861917750977,1.2228639988562615,651,False,False,2024-03-08,1.281861917750977,LOSS,24.0,forex
HKDJPY=X,SHORT,2026-05-01,20.042499542236328,20.418226665464765,19.291045295779455,1230,False,False,2026-06-04,20.418226665464765,LOSS,24.0,forex
NZDCAD=X,SHORT,2023-09-15,0.797789990901947,0.8098376812244672,0.7736946102569067,550,False,False,2023-09-29,0.8098376812244672,LOSS,10.0,forex
NZDCAD=X,SHORT,2024-01-17,0.8282949924468994,0.8420256079971461,0.800833761346406,638,False,False,2024-06-03,0.8420256079971461,LOSS,98.0,forex
NZDCAD=X,SHORT,2024-11-13,0.8258699774742126,0.8386181559488112,0.8003736205250156,853,False,False,2024-12-25,0.8003736205250156,WIN,30.0,forex
NZDCAD=X,LONG,2025-01-23,0.815060019493103,0.8025335064408329,0.8401130455976433,903,True,False,2025-04-04,0.8025335064408329,LOSS,51.0,forex
NZDCAD=X,LONG,2025-06-03,0.829010009765625,0.813832925380829,0.8593641785352171,994,False,False,2025-06-23,0.813832925380829,LOSS,14.0,forex
NZDCHF=X,SHORT,2022-01-19,0.6208699941635132,0.6301077575738917,0.6023944673427561,118,False,False,2022-03-07,0.6301077575738917,LOSS,33.0,forex
NZDCHF=X,SHORT,2022-08-03,0.5961800217628479,0.6081250755692021,0.5722899141501394,258,False,False,2022-08-12,0.6081250755692021,LOSS,7.0,forex
NZDCHF=X,LONG,2022-08-15,0.6072700023651123,0.5945848215844342,0.6326403639264686,266,False,False,2022-08-19,0.5945848215844342,LOSS,4.0,forex
NZDCHF=X,SHORT,2022-08-22,0.5920299887657166,0.6053908222256499,0.5653083218458499,271,False,False,2022-09-22,0.5653083218458499,WIN,23.0,forex
NZDCHF=X,SHORT,2023-12-29,0.5341899991035461,0.5461767936100299,0.5102164100905786,625,False,False,2024-02-23,0.5461767936100299,LOSS,40.0,forex
NZDCHF=X,LONG,2025-02-12,0.5165299773216248,0.5088185368384164,0.5319528582880415,917,False,False,2025-02-26,0.5088185368384164,LOSS,10.0,forex
NZDCHF=X,LONG,2026-01-16,0.46132999658584595,0.45334872937603005,0.47729253100547775,1155,False,False,2026-03-02,0.45334872937603005,LOSS,31.0,forex
NZDCHF=X,SHORT,2026-04-02,0.45590001344680786,0.4639062820230756,0.4398874762942724,1209,False,False,2026-04-27,0.4639062820230756,LOSS,17.0,forex
NZDJPY=X,LONG,2022-04-20,87.24299621582031,85.09361714416089,91.54175435913916,183,False,False,2022-04-22,85.09361714416089,LOSS,2.0,forex
NZDJPY=X,LONG,2022-09-06,85.72000122070312,83.93097811632032,89.29804742946874,282,False,False,2022-09-22,83.93097811632032,LOSS,12.0,forex
NZDJPY=X,LONG,2023-09-14,87.21800231933594,85.74857871476793,90.15684952847195,549,False,False,2023-09-29,90.15684952847195,WIN,11.0,forex
NZDJPY=X,LONG,2024-02-09,91.14800262451172,89.6625487834521,94.11891030663097,655,False,False,2024-04-29,94.11891030663097,WIN,56.0,forex
NZDJPY=X,SHORT,2024-11-22,90.31400299072266,92.43549587262974,86.07101722690848,860,False,False,2025-02-03,86.07101722690848,WIN,50.0,forex
NZDJPY=X,LONG,2025-07-11,88.36100006103516,86.87279542145133,91.33740934020281,1022,False,False,2025-08-04,86.87279542145133,LOSS,16.0,forex
PLNJPY=X,LONG,2025-09-05,40.665000915527344,40.078851264395354,41.837300217791324,1062,False,False,2025-10-08,41.837300217791324,WIN,23.0,forex
SGDJPY=X,SHORT,2022-12-21,97.59100341796875,100.89900814270587,90.97499396849452,358,False,False,2023-02-21,100.89900814270587,LOSS,44.0,forex
SGDJPY=X,LONG,2023-09-25,108.66500091552734,107.30545663729752,111.38408947198698,556,False,False,2023-10-03,107.30545663729752,LOSS,6.0,forex
SGDJPY=X,LONG,2023-10-27,109.85199737548828,108.49366032465953,112.56867147714578,580,False,False,2023-12-07,108.49366032465953,LOSS,29.0,forex
SGDJPY=X,LONG,2025-09-08,115.37999725341797,114.11013472562784,117.91972230899822,1063,False,False,2025-10-01,114.11013472562784,LOSS,17.0,forex
SGDJPY=X,LONG,2025-12-22,121.94000244140625,120.16836372312929,125.48327987796017,1138,False,False,2026-06-30,125.48327987796017,WIN,134.0,forex
TRYJPY=X,SHORT,2022-10-05,7.677999973297119,7.8763629963296005,7.2812739272321565,303,False,False,2022-10-12,7.8763629963296005,LOSS,5.0,forex
TRYJPY=X,LONG,2022-10-13,7.894999980926514,7.706168821853396,8.27266229907275,309,False,False,2022-11-10,7.706168821853396,LOSS,20.0,forex
TRYJPY=X,LONG,2023-05-01,7.007999897003174,6.809068272392584,7.405863146224354,451,False,False,2023-05-12,6.809068272392584,LOSS,9.0,forex
TRYJPY=X,SHORT,2023-05-31,6.764999866485596,7.179964586881151,5.9350704256944855,473,False,False,2023-06-09,5.9350704256944855,WIN,7.0,forex
TRYJPY=X,SHORT,2023-10-04,5.413000106811523,5.58089996867193,5.077200383090711,563,False,False,2023-11-29,5.077200383090711,WIN,40.0,forex
TRYJPY=X,SHORT,2024-03-01,4.793000221252441,4.916779436042673,4.545441791671978,670,False,False,2024-03-13,4.545441791671978,WIN,8.0,forex
TRYJPY=X,LONG,2024-04-29,4.855999946594238,4.700095853227897,5.16780813332692,711,False,False,2024-05-03,4.700095853227897,LOSS,4.0,forex
TRYJPY=X,SHORT,2025-01-17,4.368000030517578,4.466951213393145,4.170097664766445,899,False,False,2025-02-19,4.170097664766445,WIN,23.0,forex
TRYJPY=X,SHORT,2026-06-12,3.457828998565674,3.491294391942981,3.3908982118110593,1260,False,False,2026-07-30,3.3908982118110593,WIN,34.0,forex
TRYJPY=X,SHORT,2026-07-31,3.362942934036255,3.423606758949772,3.241615284209221,1295,False,False,,,OPEN,,forex
USDCAD=X,LONG,2022-02-25,1.2809499502182007,1.264282019494619,1.3142858116653642,145,False,False,2022-03-03,1.264282019494619,LOSS,4.0,forex
USDCAD=X,LONG,2025-01-20,1.4474300146102905,1.4283180780822706,1.4856538876663303,900,False,False,2025-02-05,1.4283180780822706,LOSS,12.0,forex
USDCHF=X,SHORT,2025-04-04,0.8592100143432617,0.8772564340766287,0.8231171748765278,954,False,False,2025-04-11,0.8231171748765278,WIN,5.0,forex
USDHUF=X,SHORT,2022-01-05,321.3900146484375,328.30133924927617,307.56736544676016,108,False,False,2022-02-04,307.56736544676016,WIN,22.0,forex
USDHUF=X,SHORT,2022-12-14,386.0400085449219,403.7657563544948,350.58851292577606,353,False,False,2023-03-01,350.58851292577606,WIN,55.0,forex
USDHUF=X,LONG,2024-12-19,398.98199462890625,389.2565230353967,418.43293781592536,879,False,False,2025-01-24,389.2565230353967,LOSS,25.0,forex
USDHUF=X,SHORT,2025-09-08,334.80999755859375,341.86487951922095,320.70023363733935,1063,False,False,2026-01-26,320.70023363733935,WIN,98.0,forex
USDMXN=X,SHORT,2023-07-13,16.89642906188965,17.234195813069846,16.220895559529254,504,False,False,2023-08-03,17.234195813069846,LOSS,15.0,forex
USDMXN=X,LONG,2025-10-15,18.504369735717773,18.221987160192445,19.06913488676843,1090,False,False,2025-12-04,18.221987160192445,LOSS,36.0,forex
USDMXN=X,SHORT,2026-01-14,17.82360076904297,18.036494782743585,17.397812741641737,1153,False,False,2026-01-26,17.397812741641737,WIN,8.0,forex
USDNOK=X,LONG,2022-03-15,9.037400245666504,8.772392229929011,9.56741627714149,157,False,False,2022-03-18,8.772392229929011,LOSS,3.0,forex
USDNOK=X,LONG,2023-02-06,10.22249984741211,9.87662147520311,10.914256591830107,391,False,False,2023-05-18,10.914256591830107,WIN,73.0,forex
USDNOK=X,LONG,2023-09-18,10.765700340270996,10.527467575072007,11.242165870668973,551,False,False,2023-10-26,11.242165870668973,WIN,28.0,forex
USDNOK=X,SHORT,2025-01-27,11.216890335083008,11.508548173376022,10.633574658496979,905,False,False,2025-03-12,10.633574658496979,WIN,32.0,forex
USDNOK=X,SHORT,2026-01-22,9.965239524841309,10.128472461337786,9.638773651848354,1159,False,False,2026-01-27,9.638773651848354,WIN,3.0,forex
USDPLN=X,SHORT,2025-09-09,3.607800006866455,3.675159659368614,3.473080701862137,1064,False,False,2025-10-09,3.675159659368614,LOSS,22.0,forex
USDSEK=X,LONG,2023-10-25,11.119150161743164,10.836621869263961,11.68420674670157,578,False,False,2023-11-09,10.836621869263961,LOSS,11.0,forex
USDSEK=X,SHORT,2025-05-26,9.505999565124512,9.844347657076181,8.829303381221173,988,False,False,2026-01-27,8.829303381221173,WIN,174.0,forex
USDTRY=X,SHORT,2022-11-11,18.482650756835938,18.675805027336953,18.096342215833907,330,True,False,2022-12-22,18.675805027336953,LOSS,29.0,forex
USDTRY=X,LONG,2022-12-23,18.66963005065918,18.55809721230291,18.892695727371716,360,False,False,2023-01-09,18.55809721230291,LOSS,11.0,forex
USDTRY=X,LONG,2023-03-08,18.918100357055664,18.774498242146844,19.205304586873304,413,False,False,2023-03-10,18.774498242146844,LOSS,2.0,forex
USDTRY=X,LONG,2023-03-13,18.961389541625977,18.75422080281175,19.375727019254427,416,False,False,2023-04-14,19.375727019254427,WIN,24.0,forex
USDTRY=X,LONG,2023-08-18,27.125,26.6244141707701,28.126171658459803,530,False,False,2023-08-24,26.6244141707701,LOSS,4.0,forex
USDTRY=X,SHORT,2024-05-13,32.18122863769531,32.678964306831844,31.18575729942225,721,False,False,2024-06-14,32.678964306831844,LOSS,24.0,forex
USDTRY=X,LONG,2024-09-24,34.14970016479492,33.81655764920373,34.815985195977305,817,False,False,2024-12-09,34.815985195977305,WIN,54.0,forex
USDTRY=X,LONG,2025-03-20,37.99319839477539,37.07671617811155,39.826162828103065,943,False,False,2025-06-27,39.826162828103065,WIN,69.0,forex
USDZAR=X,LONG,2023-01-20,17.28219985961914,16.590266256631516,18.66606706559439,380,False,False,2023-03-08,18.66606706559439,WIN,33.0,forex
USDZAR=X,SHORT,2024-09-17,17.607999801635742,18.023159634574554,16.777680135758118,812,False,False,2024-11-12,18.023159634574554,LOSS,40.0,forex
ZARJPY=X,LONG,2022-02-10,7.580999851226807,7.311588439455633,8.119822674769154,134,False,False,2022-03-22,8.119822674769154,WIN,28.0,forex
ZARJPY=X,SHORT,2022-08-03,7.903600215911865,8.165525669362644,7.3797493090103075,258,False,False,2022-08-10,8.165525669362644,LOSS,5.0,forex
ZARJPY=X,LONG,2022-10-18,8.227499961853027,7.98784778070353,8.706804324152023,312,False,False,2022-12-01,7.98784778070353,LOSS,32.0,forex
ANKR-USD,LONG,2021-11-26,0.17461000382900238,0.13902124368478938,0.24578752411742838,112,False,True,2021-12-02,0.13902124368478938,LOSS,6.0,crypto
ANKR-USD,LONG,2026-03-17,0.004734000191092491,0.004194712468854218,0.005812575635569037,1684,False,True,2026-03-18,0.005812575635569037,WIN,1.0,crypto
API3-USD,SHORT,2026-07-27,0.21090400218963623,0.23603859498267674,0.16063481660355522,1816,False,True,,,OPEN,,crypto
ARK-USD,LONG,2026-05-06,0.18140700459480286,0.16756765775979754,0.2090856982648135,1734,False,True,2026-05-15,0.16756765775979754,LOSS,9.0,crypto
AVAX-USD,SHORT,2025-02-24,21.88091278076172,26.249547630844127,13.143643080596902,1298,False,True,2025-05-12,26.249547630844127,LOSS,77.0,crypto
AXS-USD,SHORT,2026-06-04,1.0212019681930542,1.183421646217592,0.6967626121439787,1763,False,True,2026-06-20,1.183421646217592,LOSS,16.0,crypto
BAND-USD,LONG,2024-02-02,1.802597999572754,1.5582095693158855,2.2913748600864907,910,False,True,2024-03-01,2.2913748600864907,WIN,28.0,crypto
BCH-USD,SHORT,2025-02-24,291.61492919921875,332.26299279101585,210.31880201562456,1298,False,True,2025-03-02,332.26299279101585,LOSS,6.0,crypto
BCH-USD,LONG,2025-11-22,556.4970703125,478.10753512560404,713.2761406862919,1569,False,True,2026-02-05,478.10753512560404,LOSS,75.0,crypto
BNT-USD,LONG,2023-04-09,0.6070070266723633,0.5491642825974498,0.7226925148221903,611,False,True,2023-04-10,0.5491642825974498,LOSS,1.0,crypto
BNT-USD,LONG,2023-07-13,0.41162800788879395,0.37314493358119044,0.48859415650400095,706,False,True,2023-07-24,0.37314493358119044,LOSS,11.0,crypto
BNT-USD,LONG,2023-11-08,0.7132359743118286,0.6182974004866001,0.9031131219622857,824,False,True,2023-11-10,0.9031131219622857,WIN,2.0,crypto
BNT-USD,SHORT,2025-02-25,0.4646500051021576,0.5382132477328675,0.3175235198407378,1299,False,True,2025-05-08,0.5382132477328675,LOSS,72.0,crypto
BTC-USD,LONG,2023-07-13,31476.048828125,29798.723746698644,34830.69899097771,706,False,True,2023-07-17,29798.723746698644,LOSS,4.0,crypto
CAKE-USD,SHORT,2022-12-13,3.7674388885498047,4.056897944296201,3.188520777057011,494,False,True,2022-12-17,3.188520777057011,WIN,4.0,crypto
CAKE-USD,LONG,2026-07-30,1.4533079862594604,1.3705385653527655,1.6188468280728503,1819,False,True,,,OPEN,,crypto
CHZ-USD,LONG,2023-04-05,0.12921300530433655,0.11665685067054239,0.15432531457192486,607,False,True,2023-05-08,0.11665685067054239,LOSS,33.0,crypto
CRO-USD,LONG,2025-03-24,0.09403900057077408,0.0794111666542041,0.12329466840391404,1326,False,True,2025-04-07,0.0794111666542041,LOSS,14.0,crypto
CRO-USD,LONG,2025-05-31,0.10548099875450134,0.09506353445078733,0.12631592736192937,1394,False,True,2025-06-13,0.09506353445078733,LOSS,13.0,crypto
CRV-USD,LONG,2021-11-23,5.0678181648254395,4.062349023754823,7.078756446966672,109,False,True,2021-12-03,4.062349023754823,LOSS,10.0,crypto
CRV-USD,SHORT,2024-05-14,0.40027499198913574,0.45229452954299587,0.2962359168814155,1012,False,True,2024-05-20,0.45229452954299587,LOSS,6.0,crypto
CRV-USD,LONG,2026-04-16,0.2329850047826767,0.207838740145594,0.2832775340568421,1714,False,True,2026-05-11,0.2832775340568421,WIN,25.0,crypto
CVX-USD,LONG,2022-10-04,5.378049850463867,4.788670223706961,6.556809103977679,424,False,True,2022-11-08,4.788670223706961,LOSS,35.0,crypto
DGB-USD,LONG,2022-12-14,0.009349999949336052,0.008085756757931774,0.011878486332144608,495,False,True,2022-12-16,0.008085756757931774,LOSS,2.0,crypto
DGB-USD,LONG,2026-01-17,0.006771999876946211,0.0059397716921250066,0.00843645624658862,1625,False,True,2026-01-24,0.0059397716921250066,LOSS,7.0,crypto
DODO-USD,LONG,2022-10-02,0.1434909999370575,0.12232309515239774,0.185826809506377,422,False,True,2022-10-10,0.12232309515239774,LOSS,8.0,crypto
DODO-USD,LONG,2024-10-20,0.1315699964761734,0.11206387005400018,0.17058224932051985,1171,False,True,2024-10-25,0.11206387005400018,LOSS,5.0,crypto
DODO-USD,LONG,2026-06-24,0.01840200088918209,0.01506529783847148,0.025075406990603313,1783,False,True,2026-07-12,0.025075406990603313,WIN,18.0,crypto
DOGE-USD,LONG,2023-04-01,0.08405099809169769,0.07531896789640903,0.10151505848227502,603,False,True,2023-04-03,0.10151505848227502,WIN,2.0,crypto
DOGE-USD,LONG,2026-04-16,0.09919600188732147,0.09150092168274905,0.11458616229646632,1714,False,True,2026-05-05,0.11458616229646632,WIN,19.0,crypto
ENJ-USD,LONG,2021-11-19,3.6225268840789795,2.867127590319416,5.1333254715981065,105,False,True,2021-12-04,2.867127590319416,LOSS,15.0,crypto
ENS-USD,LONG,2024-03-05,25.21278953552246,20.624662013098828,34.38904458036973,847,False,True,2024-03-17,20.624662013098828,LOSS,12.0,crypto
ETC-USD,LONG,2023-04-11,21.510820388793945,19.609752699261026,25.312955767859783,613,False,True,2023-04-21,19.609752699261026,LOSS,10.0,crypto
ETH-USD,SHORT,2025-02-25,2493.592529296875,2851.575873098615,1777.6258416933952,1299,False,True,2025-03-11,1777.6258416933952,WIN,14.0,crypto
GAS-USD,LONG,2022-12-13,2.358088970184326,2.117892537744623,2.8384818350637326,494,False,True,2022-12-16,2.117892537744623,LOSS,3.0,crypto
GAS-USD,LONG,2023-04-16,3.515397071838379,3.175395992341833,4.1953992308314705,618,False,True,2023-04-21,3.175395992341833,LOSS,5.0,crypto
GAS-USD,LONG,2023-07-29,2.807452917098999,2.502669037264555,3.417020676767887,722,False,True,2023-08-16,2.502669037264555,LOSS,18.0,crypto
GAS-USD,SHORT,2024-01-03,5.8839430809021,6.997222880170511,3.657383482365276,880,False,True,2024-01-18,6.997222880170511,LOSS,15.0,crypto
GAS-USD,LONG,2026-04-03,1.8301359415054321,1.593000069682399,2.3044076851514985,1701,False,True,2026-04-29,1.593000069682399,LOSS,26.0,crypto
GMX-USD,SHORT,2022-11-29,4.999999873689376e-05,5.947722703719296e-05,3.1045542136295354e-05,475,False,True,2022-11-30,5.947722703719296e-05,LOSS,1.0,crypto
GNO-USD,SHORT,2025-02-24,161.6629638671875,189.21228027245408,106.56433105665434,1298,False,True,2025-04-06,106.56433105665434,WIN,41.0,crypto
ICX-USD,SHORT,2026-06-04,0.032774001359939575,0.037443418717181064,0.023435166645456598,1763,False,True,2026-07-01,0.023435166645456598,WIN,27.0,crypto
JASMY-USD,LONG,2022-12-01,0.004639999940991402,0.00391147317345991,0.006097053476054385,482,False,True,2022-12-07,0.00391147317345991,LOSS,6.0,crypto
JASMY-USD,LONG,2026-04-16,0.005675999913364649,0.0052391841753939095,0.0065496313893061275,1714,False,True,2026-05-08,0.0065496313893061275,WIN,22.0,crypto
JUP-USD,SHORT,2021-11-25,0.014932000078260899,0.0255119848565641,-0.006227969478345502,111,False,True,2022-02-04,0.0255119848565641,LOSS,71.0,crypto
JUP-USD,LONG,2023-01-19,0.006252000108361244,0.0044134190847005365,0.00992916215568266,531,False,True,2023-03-04,0.0044134190847005365,LOSS,44.0,crypto
JUP-USD,LONG,2023-04-02,0.0054060001857578754,0.0029636657068875935,0.01029066914349844,604,False,True,2023-04-04,0.0029636657068875935,LOSS,2.0,crypto
JUP-USD,LONG,2023-12-08,0.004040000028908253,0.0026004178020447646,0.006919164482635229,854,False,True,2023-12-14,0.0026004178020447646,LOSS,6.0,crypto
JUP-USD,LONG,2023-12-28,0.00674000009894371,0.0034912757042885726,0.013237448888253987,874,False,True,2024-01-31,0.013237448888253987,WIN,34.0,crypto
JUP-USD,LONG,2025-01-25,0.0016980000073090196,0.000371143595627322,0.004351712830672415,1268,False,True,2025-03-04,0.004351712830672415,WIN,38.0,crypto
JUP-USD,LONG,2025-05-10,0.0006960000027902424,-0.04298615666876493,0.08806031334590059,1373,False,True,2025-06-03,0.08806031334590059,WIN,24.0,crypto
JUP-USD,LONG,2025-12-03,0.0007200000109151006,0.0003599730001990149,0.001440054032347272,1580,False,True,2025-12-10,0.0003599730001990149,LOSS,7.0,crypto
JUP-USD,SHORT,2026-02-17,0.00020500000391621143,0.000524893116397721,-0.00043478622104680775,1656,False,True,,,OPEN,,crypto
KAS-USD,LONG,2024-01-11,0.12275999784469604,0.10158256160000106,0.165114870334086,589,False,True,2024-01-19,0.10158256160000106,LOSS,8.0,crypto
KAS-USD,LONG,2026-03-16,0.03374699875712395,0.030701225165748938,0.039838545939873966,1384,False,True,2026-03-18,0.039838545939873966,WIN,2.0,crypto
LDO-USD,LONG,2023-02-09,2.6419219970703125,2.0554210631075707,3.814923864995796,552,False,True,2023-03-11,2.0554210631075707,LOSS,30.0,crypto
LINK-USD,LONG,2022-07-18,7.059539794921875,6.139094378765719,8.900430627234186,346,False,True,2022-07-26,6.139094378765719,LOSS,8.0,crypto
LRC-USD,LONG,2023-04-14,0.39836400747299194,0.34873145234377473,0.4976291177314264,616,False,True,2023-04-21,0.34873145234377473,LOSS,7.0,crypto
LSK-USD,LONG,2023-12-29,1.2753009796142578,1.1545078481896998,1.516887242463374,875,False,True,2024-01-02,1.516887242463374,WIN,4.0,crypto
LSK-USD,LONG,2024-02-21,1.4841020107269287,1.258148431539254,1.9360091691022783,929,False,True,2024-03-05,1.9360091691022783,WIN,13.0,crypto
LTC-USD,LONG,2024-05-20,88.60094451904297,81.6846113880685,102.4336107809919,1018,False,True,2024-06-04,81.6846113880685,LOSS,15.0,crypto
MASK-USD,SHORT,2021-11-27,2114.40283203125,6109.52900485218,-5875.84951361061,113,False,False,,,OPEN,,crypto
MKR-USD,LONG,2024-03-09,2422.080322265625,2155.9031429505544,2954.434680895766,946,False,True,2024-03-14,2954.434680895766,WIN,5.0,crypto
MKR-USD,LONG,2024-05-20,3163.939697265625,2744.382448823035,4003.0541941508054,1018,False,True,2024-05-24,2744.382448823035,LOSS,4.0,crypto
MKR-USD,SHORT,2025-10-21,1720.7354736328125,2116.1017570394374,930.0029068195627,1537,False,True,,,OPEN,,crypto
MNT-USD,LONG,2023-02-01,0.12522700428962708,0.019048880082360123,0.337583252704161,125,False,False,2023-03-07,0.337583252704161,WIN,34.0,crypto
MNT-USD,SHORT,2023-03-10,0.09620700031518936,0.20939146757774918,-0.13016193420993027,162,False,False,2023-05-22,0.20939146757774918,LOSS,73.0,crypto
MNT-USD,LONG,2023-08-28,0.1569570004940033,0.0830776985516957,0.3047156043786185,333,False,False,2023-08-29,0.3047156043786185,WIN,1.0,crypto
MNT-USD,LONG,2023-10-17,0.09525500237941742,-1.1606061944592674,2.606977396056787,383,True,False,,,OPEN,,crypto
NMR-USD,SHORT,2021-12-06,36.301963806152344,43.24711697023561,22.411657477985813,122,False,True,2022-01-22,22.411657477985813,WIN,47.0,crypto
NMR-USD,LONG,2023-02-04,19.727535247802734,17.19508102309049,24.79244369722722,547,False,True,2023-02-07,24.79244369722722,WIN,3.0,crypto
NMR-USD,LONG,2023-07-27,14.122146606445312,12.756190890114567,16.854058039106803,720,False,True,2023-08-11,12.756190890114567,LOSS,15.0,crypto
NMR-USD,LONG,2023-11-20,15.835042953491211,13.810711309229694,19.883706242014245,836,False,True,2023-12-29,19.883706242014245,WIN,39.0,crypto
OKB-USD,LONG,2021-12-07,28.004436492919922,22.516489929765267,38.98032961922923,123,False,True,2022-01-21,22.516489929765267,LOSS,45.0,crypto
OKB-USD,LONG,2023-12-10,60.1791877746582,55.77533522289985,68.98689287817491,856,False,True,2023-12-17,55.77533522289985,LOSS,7.0,crypto
OKB-USD,SHORT,2024-01-23,47.12762451171875,52.10007754022481,37.18271845470663,900,False,True,2024-01-26,52.10007754022481,LOSS,3.0,crypto
OKB-USD,LONG,2026-04-16,87.01329040527344,81.43819876804453,98.16347367973125,1714,False,True,2026-04-29,81.43819876804453,LOSS,13.0,crypto
ONE-USD,SHORT,2022-12-19,0.0005579999997280538,0.0006143862407992014,0.0004452275175857586,500,False,False,2023-01-07,0.0006143862407992014,LOSS,19.0,crypto
ONE-USD,SHORT,2023-12-22,0.0005249999812804163,0.0005544032935066452,0.0004661933568279584,868,False,False,2024-02-23,0.0005544032935066452,LOSS,63.0,crypto
ONE-USD,LONG,2024-03-25,0.0010369999799877405,0.001004614909475578,0.0011017701210120656,962,False,False,2024-04-07,0.001004614909475578,LOSS,13.0,crypto
ONE-USD,LONG,2024-04-24,0.0010450000409036875,0.0010286842709026614,0.0010776315809057396,992,False,False,2024-04-29,0.0010286842709026614,LOSS,5.0,crypto
ONE-USD,SHORT,2025-12-12,0.0004579999949783087,0.0004790532292962593,0.00041589352634240745,1589,False,False,2026-01-03,0.0004790532292962593,LOSS,22.0,crypto
ONE-USD,SHORT,2026-01-26,0.0004579999949783087,0.00048632712547942204,0.00040134573397608195,1634,False,False,2026-04-07,0.00048632712547942204,LOSS,71.0,crypto
ONE-USD,SHORT,2026-07-25,0.00037900000461377203,0.0003887333847395324,0.00035953324436225134,1814,False,False,,,OPEN,,crypto
PERP-USD,SHORT,2025-01-07,0.7337239980697632,0.8738214664200132,0.4535290613692631,1250,False,True,2025-02-03,0.4535290613692631,WIN,27.0,crypto
PERP-USD,SHORT,2025-10-30,0.19182999432086945,0.23310624805213803,0.10927748685833227,1546,False,True,2025-11-13,0.10927748685833227,WIN,14.0,crypto
PERP-USD,SHORT,2026-01-13,0.08223000168800354,0.17194820974678848,-0.09720641442956635,1621,False,True,,,OPEN,,crypto
POWR-USD,LONG,2022-07-10,0.261243999004364,0.21966494359445324,0.34440210982418556,338,False,True,2022-07-13,0.21966494359445324,LOSS,3.0,crypto
POWR-USD,LONG,2023-10-13,0.1612830013036728,0.145370973090175,0.19310705773066839,798,False,True,2023-10-20,0.19310705773066839,WIN,7.0,crypto
POWR-USD,LONG,2026-03-17,0.06975500285625458,0.06298745999384886,0.08329008858106601,1684,True,True,2026-03-19,0.06298745999384886,LOSS,2.0,crypto
QNT-USD,LONG,2023-07-29,111.84140014648438,104.66811187735217,126.18797668474878,722,True,True,2023-08-02,104.66811187735217,LOSS,4.0,crypto
RENDER-USD,LONG,2023-11-15,2.833693027496338,2.4098349253206623,3.681409231847689,830,False,True,2023-11-20,3.681409231847689,WIN,5.0,crypto
RLC-USD,SHORT,2021-12-04,3.659723997116089,4.719331413162554,1.540509165023158,120,False,True,2022-01-24,1.540509165023158,WIN,51.0,crypto
RLC-USD,LONG,2022-11-04,1.2707600593566895,1.1252289040912538,1.5618223698875608,455,False,True,2022-11-08,1.1252289040912538,LOSS,4.0,crypto
RLC-USD,LONG,2025-03-17,1.3622839450836182,1.1299990060140455,1.8268538232227636,1319,True,True,2025-04-02,1.1299990060140455,LOSS,16.0,crypto
ROSE-USD,LONG,2021-12-23,0.31731098890304565,0.23478010262150167,0.4823727614661336,139,False,True,2022-01-12,0.4823727614661336,WIN,20.0,crypto
RVN-USD,SHORT,2022-11-08,0.025283999741077423,0.029952474719163104,0.01594704978490606,459,False,True,2023-01-20,0.029952474719163104,LOSS,73.0,crypto
RVN-USD,SHORT,2025-11-03,0.008856000378727913,0.010103781467801486,0.006360438200580767,1550,False,True,2025-11-05,0.010103781467801486,LOSS,2.0,crypto
SC-USD,LONG,2022-12-13,0.003186000045388937,0.002757400365287259,0.004043199405592293,494,False,True,2022-12-15,0.002757400365287259,LOSS,2.0,crypto
SC-USD,LONG,2024-01-04,0.007586000021547079,0.006530407598964788,0.009697184866711662,881,False,True,2024-01-08,0.009697184866711662,WIN,4.0,crypto
SC-USD,LONG,2024-08-25,0.004898000042885542,0.0037863637073771972,0.007121272713902231,1115,False,True,2024-11-26,0.007121272713902231,WIN,93.0,crypto
SHIB-USD,LONG,2023-07-29,9.000000318337698e-06,8.510667071501738e-06,9.978666812009616e-06,722,False,True,2023-07-30,8.510667071501738e-06,LOSS,1.0,crypto
SHIB-USD,LONG,2023-10-25,7.999999979801942e-06,7.604089462321483e-06,8.79182101476286e-06,810,False,True,2023-11-06,8.79182101476286e-06,WIN,12.0,crypto
SHIB-USD,LONG,2024-02-12,9.999999747378752e-06,9.27184229988774e-06,1.1456314642360774e-05,920,False,True,2024-02-13,9.27184229988774e-06,LOSS,1.0,crypto
SHIB-USD,LONG,2024-12-01,3.099999958067201e-05,2.6272541666714732e-05,4.045491540858657e-05,1213,False,True,2024-12-09,2.6272541666714732e-05,LOSS,8.0,crypto
SHIB-USD,LONG,2026-05-10,7.000000096013537e-06,6.5419570105865e-06,7.91608626686761e-06,1738,False,True,2026-05-11,6.5419570105865e-06,LOSS,1.0,crypto
STEEM-USD,LONG,2021-11-26,0.7026810050010681,0.597204552757093,0.9136339094890182,112,False,True,2021-12-03,0.597204552757093,LOSS,7.0,crypto
STEEM-USD,LONG,2022-07-09,0.25571000576019287,0.19794429816073575,0.3712414209591071,337,False,True,2022-11-08,0.19794429816073575,LOSS,122.0,crypto
STEEM-USD,LONG,2024-01-02,0.26695701479911804,0.24251682276756004,0.31583739886223405,879,False,True,2024-01-03,0.24251682276756004,LOSS,1.0,crypto
STEEM-USD,LONG,2024-05-28,0.2910110056400299,0.25579194630033947,0.3614491243194108,1026,False,True,2024-06-07,0.25579194630033947,LOSS,10.0,crypto
STORJ-USD,LONG,2023-12-05,0.8006880283355713,0.6672370290962913,1.0675900268141312,851,False,True,2023-12-11,0.6672370290962913,LOSS,6.0,crypto
STORJ-USD,SHORT,2026-07-27,0.0605660006403923,0.06835083089911036,0.0449963401229562,1816,False,True,2026-08-02,0.0449963401229562,WIN,6.0,crypto
STX-USD,SHORT,2023-06-30,0.0037620000075548887,0.004718445727398493,0.0018491085678676803,693,False,True,2023-07-01,0.004718445727398493,LOSS,1.0,crypto
STX-USD,LONG,2023-07-22,0.005410000216215849,0.003571903940447609,0.009086192767752329,715,True,True,2023-07-23,0.003571903940447609,LOSS,1.0,crypto
STX-USD,SHORT,2024-10-23,0.005059000104665756,0.005944536843886493,0.0032879266262242825,1174,False,True,2024-12-20,0.0032879266262242825,WIN,58.0,crypto
SUI-USD,SHORT,2023-12-12,0.003292999928817153,0.0036029794145447888,0.0026730409573618814,634,False,True,2023-12-26,0.0036029794145447888,LOSS,14.0,crypto
THETA-USD,SHORT,2021-12-04,5.125843048095703,6.57956847175978,2.21839220076755,120,False,True,2022-04-30,2.21839220076755,WIN,147.0,crypto
THETA-USD,SHORT,2025-02-24,1.1402209997177124,1.3963697954727563,0.6279234082076246,1298,False,True,2025-04-17,0.6279234082076246,WIN,52.0,crypto
TIA-USD,SHORT,2024-06-17,0.005309999920427799,5.090326947763129,-10.164723895764975,840,False,True,,,OPEN,,crypto
TON-USD,LONG,2021-11-17,9.616817474365234,8.388720155688773,12.073012111718157,103,False,True,2021-11-18,8.388720155688773,LOSS,1.0,crypto
TON-USD,LONG,2022-12-14,1.2410130500793457,1.1581488290501372,1.4067414921377628,495,False,True,2022-12-16,1.1581488290501372,LOSS,2.0,crypto
TON-USD,LONG,2024-01-06,2.4398701190948486,2.113374874036939,3.0928606092106676,883,False,True,2024-01-07,2.113374874036939,LOSS,1.0,crypto
TON-USD,SHORT,2024-06-03,1.871994972229004,2.520902365819024,0.5741801850489638,1032,False,True,2024-11-12,2.520902365819024,LOSS,162.0,crypto
TON-USD,LONG,2025-02-25,0.31137898564338684,-1.2894934779563074,3.5131239128427754,1299,False,True,2025-03-28,3.5131239128427754,WIN,31.0,crypto
TON-USD,LONG,2025-07-16,3.1621179580688477,-0.5964795207983218,10.679312915803187,1440,True,True,,,OPEN,,crypto
TRX-USD,SHORT,2023-01-06,0.052494000643491745,0.05522123178902775,0.04703953835241974,518,False,True,2023-01-09,0.05522123178902775,LOSS,3.0,crypto
UMA-USD,LONG,2023-09-09,1.4865070581436157,1.3703322161345213,1.7188567421618046,764,True,True,2023-09-11,1.3703322161345213,LOSS,2.0,crypto
WAVES-USD,LONG,2026-04-18,0.44740599393844604,0.41376364078363426,0.5146907002480696,1716,False,True,2026-04-20,0.41376364078363426,LOSS,2.0,crypto
WIF-USD,SHORT,2026-06-04,0.16707399487495422,0.19541773603913687,0.11038651254658893,898,False,True,,,OPEN,,crypto
XRP-USD,SHORT,2023-02-09,0.38246598839759827,0.4140292522941975,0.31933946060439977,552,False,True,2023-03-21,0.4140292522941975,LOSS,40.0,crypto
XRP-USD,LONG,2023-12-06,0.6403329968452454,0.594441380645788,0.7321162292441601,852,False,True,2023-12-18,0.594441380645788,LOSS,12.0,crypto
XRP-USD,SHORT,2024-01-03,0.5825799703598022,0.6381419853556205,0.47145594036816574,880,False,True,2024-03-02,0.6381419853556205,LOSS,59.0,crypto
YFI-USD,SHORT,2025-02-24,5539.2216796875,6296.955527824636,4023.7539834132276,1298,False,True,2025-04-27,6296.955527824636,LOSS,62.0,crypto
ZEC-USD,LONG,2024-11-06,43.189491271972656,37.989827079762115,53.58881965639374,1188,False,True,2024-11-13,37.989827079762115,LOSS,7.0,crypto
ZEN-USD,SHORT,2022-10-10,13.120408058166504,14.432711823924153,10.495800526651205,430,False,True,2022-11-05,14.432711823924153,LOSS,26.0,crypto
ZEN-USD,LONG,2026-03-15,6.106451034545898,5.362363540774259,7.594626022089177,1682,True,True,2026-03-22,5.362363540774259,LOSS,7.0,crypto
ZRX-USD,SHORT,2024-01-03,0.3304600119590759,0.3811213449527386,0.22913734597175062,880,False,True,2024-01-27,0.3811213449527386,LOSS,24.0,crypto
F,LONG,2025-09-26,11.599274635314941,11.093802859737531,12.610218186469762,1038,False,True,2025-10-09,11.093802859737531,LOSS,9.0,stocks
LMT,LONG,2022-02-25,363.4217529296875,348.02701891611554,394.2112209568314,139,False,True,2022-03-01,394.2112209568314,WIN,2.0,stocks
LMT,SHORT,2023-01-06,431.0284118652344,448.68195900652915,395.7213175826448,356,False,True,2023-04-04,448.68195900652915,LOSS,60.0,stocks
TSLA,LONG,2024-06-17,187.44000244140625,171.6386756787431,219.04265596673253,718,False,True,2024-07-02,219.04265596673253,WIN,10.0,stocks
GM,LONG,2025-09-24,59.53031921386719,57.25474586422785,64.08146591314586,1036,False,True,2025-10-07,57.25474586422785,LOSS,9.0,stocks
WMT,LONG,2025-10-14,106.56938934326172,102.55307065484313,114.6020267200989,1050,False,True,2025-10-28,102.55307065484313,LOSS,10.0,stocks
GS,LONG,2024-03-21,394.8249206542969,378.9498882552356,426.57498545241947,658,False,True,2024-04-11,378.9498882552356,LOSS,14.0,stocks
SBUX,SHORT,2025-07-31,86.86761474609375,92.71099616268916,75.18085191290294,998,False,True,2026-01-15,92.71099616268916,LOSS,116.0,stocks
FTSEMIB.MI,LONG,2024-01-30,30623.0,29971.112932530585,31926.77413493883,634,False,True,2024-02-16,31926.77413493883,WIN,13.0,indices
NG=F,SHORT,2026-07-09,3.01200008392334,3.3013069986164467,2.433386254537126,1237,True,True,,,OPEN,,commodities
KC=F,LONG,2025-01-22,341.8500061035156,323.47893330888184,378.5921516927832,870,False,True,2025-01-31,378.5921516927832,WIN,7.0,commodities
SB=F,SHORT,2024-02-15,22.81999969482422,24.17757241574564,20.104854252981376,636,False,True,2024-04-15,20.104854252981376,WIN,40.0,commodities
SB=F,SHORT,2024-11-11,21.360000610351562,22.613018124738677,18.853965581577334,822,False,True,2025-01-09,18.853965581577334,WIN,40.0,commodities
SB=F,SHORT,2026-01-30,14.270000457763672,14.857549309745625,13.094902753799765,1128,False,True,2026-03-19,14.857549309745625,LOSS,33.0,commodities
